timestamp,event_type,trader_name,trader_wallet,market,title,outcome,side,trader_size,trader_price,mirror_shares,mirror_usd,reason,order_status,order_id,notes,stats_copied_trades,stats_copied_usd,stats_rejected_trades,stats_failed_trades,stats_dry_run_trades
2025-11-11T03:57:05.429968+00:00,executed,Hans323,0x0f37cb80dee49d55b5f6d9e595d52591d6371410,0x9160161d25b4f417bce21d197fe00998ddf03129d0ba10d960cb75d4b2f8900c,Will the highest temperature in London be 64°F or higher on November 11?,Yes,BUY,1992.16,0.002,1299.740497084669,2.5994809941693378,10.40% of trader portfolio; deployment 100.0%,live,0x629252556a8b41fc8992eb3a388ee3ffee14657c421204acf3225782bc2b73f0,,1,2.60,0,0,0
2025-11-11T14:58:25.189306+00:00,failed,0x02e65d10e83eb391ca0c466630f82790854e25,0x83b9f9e2d28ab875b9c9f73cdd5535c4c8926124,0xbf2745bfd3d2e2d1c91111ff4bd766b7ae698e93981bc2b21d12ba7a53c829aa,Spread: Knicks (-9.5),Grizzlies,BUY,19.0,0.48,2.0833333333333335,1.0,"PolyApiException[status_code=400, error_message={'error': 'invalid amount for a marketable BUY order ($0.9984), min size: $1'}]",,,"PolyApiException[status_code=400, error_message={'error': 'invalid amount for a marketable BUY order ($0.9984), min size: $1'}]",0,0.00,0,1,0
2025-11-11T15:01:58.777388+00:00,failed,0x02e65d10e83eb391ca0c466630f82790854e25,0x83b9f9e2d28ab875b9c9f73cdd5535c4c8926124,0xbc313639d21289d7c15d193971beb8643d6f662b7c5e752b06fd8a0c3ddd9e9c,LIU Sharks vs. Air Force Falcons,LIU Sharks,BUY,100.0,0.63,1.5873015873015872,1.0,"PolyApiException[status_code=400, error_message={'error': 'invalid amount for a marketable BUY order ($0.9954), min size: $1'}]",,,"PolyApiException[status_code=400, error_message={'error': 'invalid amount for a marketable BUY order ($0.9954), min size: $1'}]",0,0.00,0,2,0
2025-11-11T15:02:10.094071+00:00,failed,0x02e65d10e83eb391ca0c466630f82790854e25,0x83b9f9e2d28ab875b9c9f73cdd5535c4c8926124,0xbc313639d21289d7c15d193971beb8643d6f662b7c5e752b06fd8a0c3ddd9e9c,LIU Sharks vs. Air Force Falcons,LIU Sharks,BUY,50.0,0.63,1.5873015873015872,1.0,"PolyApiException[status_code=400, error_message={'error': 'order 0x2e1b99404c81dd9cee421af1b53c9c69b56616e30ae375bebf52811d571710f2 is invalid. Size (1.58) lower than the minimum: 5'}]",,,"PolyApiException[status_code=400, error_message={'error': 'order 0x2e1b99404c81dd9cee421af1b53c9c69b56616e30ae375bebf52811d571710f2 is invalid. Size (1.58) lower than the minimum: 5'}]",0,0.00,0,3,0
2025-11-11T15:02:39.144508+00:00,executed,0x02e65d10e83eb391ca0c466630f82790854e25,0x83b9f9e2d28ab875b9c9f73cdd5535c4c8926124,0xae621092ee326f5d4034034cb01432b828fe66c7555c6596aa9b5544f0db1786,Raptors vs. Nets,Nets,BUY,13.0,0.2,5.0,1.0,0.00% of trader portfolio; deployment 100.0% (floored to $1 min),matched,0xeac9e824e715a500ae0ac08c4c43af9ed2c54e33258fea3599abeda0eb2746a7,,1,1.00,0,3,0
2025-11-11T15:03:02.887982+00:00,failed,0x02e65d10e83eb391ca0c466630f82790854e25,0x83b9f9e2d28ab875b9c9f73cdd5535c4c8926124,0xf0196e31401e684bd2d3d091e4da22333c13b0996cc7b67cdd0cbf66b6fd5514,Pacers vs. Jazz,Jazz,BUY,10.0,0.44,2.272727272727273,1.0,"PolyApiException[status_code=400, error_message={'error': 'invalid amount for a marketable BUY order ($0.9988), min size: $1'}]",,,"PolyApiException[status_code=400, error_message={'error': 'invalid amount for a marketable BUY order ($0.9988), min size: $1'}]",1,1.00,0,4,0
2025-11-11T15:05:17.451827+00:00,failed,0x02e65d10e83eb391ca0c466630f82790854e25,0x83b9f9e2d28ab875b9c9f73cdd5535c4c8926124,0xb53f2cf92e4de68993e3798fca4d6e9882b41ca956aacb0871ee085e5d241071,Warriors vs. Thunder,Thunder,BUY,100.0,0.73,1.36986301369863,1.0,"PolyApiException[status_code=400, error_message={'error': 'invalid amount for a marketable BUY order ($0.9928), min size: $1'}]",,,"PolyApiException[status_code=400, error_message={'error': 'invalid amount for a marketable BUY order ($0.9928), min size: $1'}]",1,1.00,0,5,0
2025-11-11T15:05:35.240739+00:00,failed,0x02e65d10e83eb391ca0c466630f82790854e25,0x83b9f9e2d28ab875b9c9f73cdd5535c4c8926124,0x23fc10c32677daf5a2ff3bf0c21aada482b180df7ca1afd66525665c95129aff,Celtics vs. 76ers,76ers,BUY,30.0,0.53,1.8867924528301885,1.0,"PolyApiException[status_code=400, error_message={'error': 'invalid amount for a marketable BUY order ($0.9964), min size: $1'}]",,,"PolyApiException[status_code=400, error_message={'error': 'invalid amount for a marketable BUY order ($0.9964), min size: $1'}]",1,1.00,0,6,0
2025-11-11T15:05:47.661160+00:00,failed,0x02e65d10e83eb391ca0c466630f82790854e25,0x83b9f9e2d28ab875b9c9f73cdd5535c4c8926124,0xb53f2cf92e4de68993e3798fca4d6e9882b41ca956aacb0871ee085e5d241071,Warriors vs. Thunder,Warriors,BUY,383.0,0.28,3.571428571428571,1.0,"PolyApiException[status_code=400, error_message={'error': 'invalid amount for a marketable BUY order ($0.9996), min size: $1'}]",,,"PolyApiException[status_code=400, error_message={'error': 'invalid amount for a marketable BUY order ($0.9996), min size: $1'}]",1,1.00,0,7,0
2025-11-11T15:05:47.973682+00:00,failed,0x02e65d10e83eb391ca0c466630f82790854e25,0x83b9f9e2d28ab875b9c9f73cdd5535c4c8926124,0xb53f2cf92e4de68993e3798fca4d6e9882b41ca956aacb0871ee085e5d241071,Warriors vs. Thunder,Warriors,BUY,278.0,0.28,3.571428571428571,1.0,"PolyApiException[status_code=400, error_message={'error': 'invalid amount for a marketable BUY order ($0.9996), min size: $1'}]",,,"PolyApiException[status_code=400, error_message={'error': 'invalid amount for a marketable BUY order ($0.9996), min size: $1'}]",1,1.00,0,8,0
2025-11-11T15:06:17.373004+00:00,failed,0x02e65d10e83eb391ca0c466630f82790854e25,0x83b9f9e2d28ab875b9c9f73cdd5535c4c8926124,0x328a3a60f900117191ce2c7642a4e13c078cc79eb7ff79c29b7e6ee873b2f5a0,Kent State Golden Flashes vs. Akron,Akron,BUY,28.0,0.66,1.5151515151515151,1.0,"PolyApiException[status_code=400, error_message={'error': 'invalid amount for a marketable BUY order ($0.9966), min size: $1'}]",,,"PolyApiException[status_code=400, error_message={'error': 'invalid amount for a marketable BUY order ($0.9966), min size: $1'}]",1,1.00,0,9,0
2025-11-11T15:06:24.039060+00:00,failed,0x02e65d10e83eb391ca0c466630f82790854e25,0x83b9f9e2d28ab875b9c9f73cdd5535c4c8926124,0xc5c767b083aefcbb505f9168ecd1c1fea370a37e5f7f0f5d78f2a6954fee9a4e,Grizzlies vs. Knicks,Knicks,BUY,12.0,0.79,1.2658227848101264,1.0,"PolyApiException[status_code=400, error_message={'error': 'invalid amount for a marketable BUY order ($0.9954), min size: $1'}]",,,"PolyApiException[status_code=400, error_message={'error': 'invalid amount for a marketable BUY order ($0.9954), min size: $1'}]",1,1.00,0,10,0
2025-11-11T15:06:24.330925+00:00,failed,0x02e65d10e83eb391ca0c466630f82790854e25,0x83b9f9e2d28ab875b9c9f73cdd5535c4c8926124,0xc5c767b083aefcbb505f9168ecd1c1fea370a37e5f7f0f5d78f2a6954fee9a4e,Grizzlies vs. Knicks,Knicks,BUY,10.0,0.79,1.2658227848101264,1.0,"PolyApiException[status_code=400, error_message={'error': 'invalid amount for a marketable BUY order ($0.9954), min size: $1'}]",,,"PolyApiException[status_code=400, error_message={'error': 'invalid amount for a marketable BUY order ($0.9954), min size: $1'}]",1,1.00,0,11,0
2025-11-11T15:07:47.862286+00:00,failed,0x02e65d10e83eb391ca0c466630f82790854e25,0x83b9f9e2d28ab875b9c9f73cdd5535c4c8926124,0x23fc10c32677daf5a2ff3bf0c21aada482b180df7ca1afd66525665c95129aff,Celtics vs. 76ers,76ers,BUY,30.0,0.53,1.8867924528301885,1.0,"PolyApiException[status_code=400, error_message={'error': 'invalid amount for a marketable BUY order ($0.9964), min size: $1'}]",,,"PolyApiException[status_code=400, error_message={'error': 'invalid amount for a marketable BUY order ($0.9964), min size: $1'}]",1,1.00,0,12,0
2025-11-11T15:07:48.135780+00:00,failed,0x02e65d10e83eb391ca0c466630f82790854e25,0x83b9f9e2d28ab875b9c9f73cdd5535c4c8926124,0x23fc10c32677daf5a2ff3bf0c21aada482b180df7ca1afd66525665c95129aff,Celtics vs. 76ers,76ers,BUY,292.0,0.53,1.8867924528301885,1.0,"PolyApiException[status_code=400, error_message={'error': 'invalid amount for a marketable BUY order ($0.9964), min size: $1'}]",,,"PolyApiException[status_code=400, error_message={'error': 'invalid amount for a marketable BUY order ($0.9964), min size: $1'}]",1,1.00,0,13,0
2025-11-11T15:07:48.466533+00:00,failed,0x02e65d10e83eb391ca0c466630f82790854e25,0x83b9f9e2d28ab875b9c9f73cdd5535c4c8926124,0x23fc10c32677daf5a2ff3bf0c21aada482b180df7ca1afd66525665c95129aff,Celtics vs. 76ers,76ers,BUY,93.0,0.53,1.8867924528301885,1.0,"PolyApiException[status_code=400, error_message={'error': 'invalid amount for a marketable BUY order ($0.9964), min size: $1'}]",,,"PolyApiException[status_code=400, error_message={'error': 'invalid amount for a marketable BUY order ($0.9964), min size: $1'}]",1,1.00,0,14,0
2025-11-11T15:07:54.267159+00:00,failed,0x02e65d10e83eb391ca0c466630f82790854e25,0x83b9f9e2d28ab875b9c9f73cdd5535c4c8926124,0xf0196e31401e684bd2d3d091e4da22333c13b0996cc7b67cdd0cbf66b6fd5514,Pacers vs. Jazz,Jazz,BUY,60.0,0.44,2.272727272727273,1.0,"PolyApiException[status_code=400, error_message={'error': 'invalid amount for a marketable BUY order ($0.9988), min size: $1'}]",,,"PolyApiException[status_code=400, error_message={'error': 'invalid amount for a marketable BUY order ($0.9988), min size: $1'}]",1,1.00,0,15,0
2025-11-11T19:03:30.060637+00:00,executed,0x02e65d10e83eb391ca0c466630f82790854e25,0x83b9f9e2d28ab875b9c9f73cdd5535c4c8926124,0x4f19a0fc761694e957487452a2d7785a1e500d40730a6d17b569d12c74e5582b,Spread: Thunder (-7.5),Thunder,BUY,8.0,0.51,5.0,2.55,0.00% of trader portfolio; deployment 100.0% (floored to $1 min); raised to market min 5.0000 shares,matched,0x54c1419ffe10104454e2fd9ce97a347cce64fcbde4bd2ccb9b8b41fe59f3f557,raised to market min 5.0000 shares,1,2.55,0,0,0
2025-11-11T19:03:31.432372+00:00,executed,kch123,0x6a72f61820b26b1fe4d956e17b6dc2a1ea3033ee,0xdfa388ae63c7707d69be8f2c0f9cc9c29dff4dab329a9345118387fd541d068c,Stars vs. Senators,Stars,BUY,9.259258,0.4600000345600047,5.0,2.3000001728000234,0.00% of trader portfolio; deployment 100.0% (floored to $1 min); raised to market min 5.0000 shares,live,0x73310ee0ce0dc14af559c8f0581ec4d72796d99ba5b153722b1ab9245addf8f2,raised to market min 5.0000 shares,1,2.30,0,0,0
2025-11-11T19:06:47.871804+00:00,executed,0x02e65d10e83eb391ca0c466630f82790854e25,0x83b9f9e2d28ab875b9c9f73cdd5535c4c8926124,0xc5c767b083aefcbb505f9168ecd1c1fea370a37e5f7f0f5d78f2a6954fee9a4e,Grizzlies vs. Knicks,Knicks,BUY,75.0,0.8,5.0,4.0,0.03% of trader portfolio; deployment 100.0% (floored to $1 min); raised to market min 5.0000 shares,matched,0xf4482e6a5903007473de7c6240fd997948e609f3544163839319a38a75fe3096,raised to market min 5.0000 shares,2,6.55,0,0,0
2025-11-11T19:06:53.725354+00:00,executed,kch123,0x6a72f61820b26b1fe4d956e17b6dc2a1ea3033ee,0xdfa388ae63c7707d69be8f2c0f9cc9c29dff4dab329a9345118387fd541d068c,Stars vs. Senators,Stars,BUY,90.370369,0.46000000287704923,5.0,2.300000014385246,0.02% of trader portfolio; deployment 100.0% (floored to $1 min); raised to market min 5.0000 shares,live,0x7edf9165f2f8501e0c34e45d4004d1994635f82dad64d7a7851bceb34725440d,raised to market min 5.0000 shares,2,4.60,0,0,0
2025-11-11T19:10:04.968587+00:00,executed,0x02e65d10e83eb391ca0c466630f82790854e25,0x83b9f9e2d28ab875b9c9f73cdd5535c4c8926124,0xc5c767b083aefcbb505f9168ecd1c1fea370a37e5f7f0f5d78f2a6954fee9a4e,Grizzlies vs. Knicks,Knicks,BUY,12.0,0.8,5.0,4.0,0.00% of trader portfolio; deployment 100.0% (floored to $1 min); raised to market min 5.0000 shares,matched,0x049a10afcb9c50695fe9b7167fa4bef0e40668f7e7c3de0f97d963198d1d2ea2,raised to market min 5.0000 shares,3,10.55,0,0,0
2025-11-11T19:11:01.664727+00:00,executed,0x02e65d10e83eb391ca0c466630f82790854e25,0x83b9f9e2d28ab875b9c9f73cdd5535c4c8926124,0xf8a259d1dff91e01cbc77dc066bc659fcee70a6941afd506f35907de35683301,Will Hungary win on 2025-11-13?,Yes,BUY,20.0,0.62,5.0,3.1,0.01% of trader portfolio; deployment 100.0% (floored to $1 min); raised to market min 5.0000 shares,matched,0x9692eb545a2afb2b1377c4d7f8a2de3e63d9b64ea8b306593713f539be07bc79,raised to market min 5.0000 shares,4,13.65,0,0,0
2025-11-11T19:14:35.375798+00:00,executed,kch123,0x6a72f61820b26b1fe4d956e17b6dc2a1ea3033ee,0x19dfb0607b595377ab846ed6b83f3cbabdda3904a7fae51b484fc4a25f7f98ce,Capitals vs. Hurricanes,Capitals,BUY,1.666665,0.4,5.0,2.0,0.00% of trader portfolio; deployment 100.0% (floored to $1 min); raised to market min 5.0000 shares,live,0xad231b28ee36bec49037e10738abd6ce77d110af4b0944f577c0478ffbc649a2,raised to market min 5.0000 shares,3,6.60,0,0,0
2025-11-11T19:14:52.258509+00:00,executed,0x02e65d10e83eb391ca0c466630f82790854e25,0x83b9f9e2d28ab875b9c9f73cdd5535c4c8926124,0xc5c767b083aefcbb505f9168ecd1c1fea370a37e5f7f0f5d78f2a6954fee9a4e,Grizzlies vs. Knicks,Knicks,BUY,21.0,0.8,5.0,4.0,0.01% of trader portfolio; deployment 100.0% (floored to $1 min); raised to market min 5.0000 shares,matched,0xa9fe74a8b9fcf457a0aaff88d06d28efafac7870542ef315288073680abc7566,raised to market min 5.0000 shares,5,17.65,0,0,0
2025-11-11T19:14:54.179243+00:00,executed,0x02e65d10e83eb391ca0c466630f82790854e25,0x83b9f9e2d28ab875b9c9f73cdd5535c4c8926124,0x23fc10c32677daf5a2ff3bf0c21aada482b180df7ca1afd66525665c95129aff,Celtics vs. 76ers,Celtics,BUY,54.0,0.53,5.0,2.6500000000000004,0.01% of trader portfolio; deployment 100.0% (floored to $1 min); raised to market min 5.0000 shares,live,0x98bf2ea17b21dc8387a8c42bb08ffdda8feb675f759444cfbe2b2333d53e2c28,raised to market min 5.0000 shares,6,20.30,0,0,0
2025-11-11T19:15:00.027190+00:00,executed,0x02e65d10e83eb391ca0c466630f82790854e25,0x83b9f9e2d28ab875b9c9f73cdd5535c4c8926124,0xc5c767b083aefcbb505f9168ecd1c1fea370a37e5f7f0f5d78f2a6954fee9a4e,Grizzlies vs. Knicks,Knicks,BUY,50.0,0.8,5.0,4.0,0.02% of trader portfolio; deployment 100.0% (floored to $1 min); raised to market min 5.0000 shares,matched,0x8e4a818c77efefe53c62fdacc6d2a7cd48d9ec24593eaa3a3ea6a6ea6954acfc,raised to market min 5.0000 shares,7,24.30,0,0,0
2025-11-11T19:19:16.462412+00:00,rejected,0x02e65d10e83eb391ca0c466630f82790854e25,0x83b9f9e2d28ab875b9c9f73cdd5535c4c8926124,0x5134b6d066fcae04afa8fdd2aa01b585abf126872feed5b6d3edaed8aed31845,Maple Leafs vs. Bruins,Bruins,BUY,20.0,0.44,0.0,1.0,Exceeds allocated capital for trader,,,,7,24.30,1,0,0
2025-11-11T19:19:33.626214+00:00,rejected,0x02e65d10e83eb391ca0c466630f82790854e25,0x83b9f9e2d28ab875b9c9f73cdd5535c4c8926124,0xeb28a750c89187e6f95f6113142f6771d39adab3c035d4d76e818e0b3e51e846,"ATP World Tour Finals, Jimmy Connors Group: Lorenzo Musetti vs Alex de Minaur",Musetti,BUY,1500.0,0.3,0.0,1.0,Exceeds allocated capital for trader,,,,7,24.30,2,0,0
2025-11-11T19:19:33.627866+00:00,rejected,0x02e65d10e83eb391ca0c466630f82790854e25,0x83b9f9e2d28ab875b9c9f73cdd5535c4c8926124,0x78677117bb0e40740334beb87540130dcefb35cef11860431cd55b359454420f,Ducks vs. Avalanche,Ducks,BUY,15.0,0.31,0.0,1.0,Exceeds allocated capital for trader,,,,7,24.30,3,0,0
2025-11-11T19:19:33.628701+00:00,rejected,0x02e65d10e83eb391ca0c466630f82790854e25,0x83b9f9e2d28ab875b9c9f73cdd5535c4c8926124,0x5134b6d066fcae04afa8fdd2aa01b585abf126872feed5b6d3edaed8aed31845,Maple Leafs vs. Bruins,Bruins,BUY,43.0,0.44,0.0,1.0,Exceeds allocated capital for trader,,,,7,24.30,4,0,0
2025-11-11T19:19:50.224916+00:00,rejected,0x02e65d10e83eb391ca0c466630f82790854e25,0x83b9f9e2d28ab875b9c9f73cdd5535c4c8926124,0xeb28a750c89187e6f95f6113142f6771d39adab3c035d4d76e818e0b3e51e846,"ATP World Tour Finals, Jimmy Connors Group: Lorenzo Musetti vs Alex de Minaur",Musetti,BUY,32.0,0.3,0.0,1.0,Exceeds allocated capital for trader,,,,7,24.30,5,0,0
2025-11-11T19:20:17.920738+00:00,rejected,0x02e65d10e83eb391ca0c466630f82790854e25,0x83b9f9e2d28ab875b9c9f73cdd5535c4c8926124,0xeb28a750c89187e6f95f6113142f6771d39adab3c035d4d76e818e0b3e51e846,"ATP World Tour Finals, Jimmy Connors Group: Lorenzo Musetti vs Alex de Minaur",Musetti,BUY,672.0,0.3,0.0,1.0,Exceeds allocated capital for trader,,,,7,24.30,6,0,0
2025-11-11T19:20:17.922444+00:00,rejected,0x02e65d10e83eb391ca0c466630f82790854e25,0x83b9f9e2d28ab875b9c9f73cdd5535c4c8926124,0xeb28a750c89187e6f95f6113142f6771d39adab3c035d4d76e818e0b3e51e846,"ATP World Tour Finals, Jimmy Connors Group: Lorenzo Musetti vs Alex de Minaur",Musetti,BUY,103.0,0.3,0.0,1.0,Exceeds allocated capital for trader,,,,7,24.30,7,0,0
2025-11-11T19:20:18.261794+00:00,executed,kch123,0x6a72f61820b26b1fe4d956e17b6dc2a1ea3033ee,0x19dfb0607b595377ab846ed6b83f3cbabdda3904a7fae51b484fc4a25f7f98ce,Capitals vs. Hurricanes,Capitals,BUY,1.666665,0.4,5.0,2.0,0.00% of trader portfolio; deployment 100.0% (floored to $1 min); raised to market min 5.0000 shares,live,0x6bca14f2cc7c768e6a0f9810c060e74ce017e56522ebe7851913dce4badbc499,raised to market min 5.0000 shares,4,8.60,0,0,0
2025-11-11T19:20:58.338585+00:00,rejected,0x02e65d10e83eb391ca0c466630f82790854e25,0x83b9f9e2d28ab875b9c9f73cdd5535c4c8926124,0xeb28a750c89187e6f95f6113142f6771d39adab3c035d4d76e818e0b3e51e846,"ATP World Tour Finals, Jimmy Connors Group: Lorenzo Musetti vs Alex de Minaur",Musetti,BUY,23.0,0.3,0.0,1.0,Exceeds allocated capital for trader,,,,7,24.30,8,0,0
2025-11-11T19:31:44.856268+00:00,executed,Hans323,0x0f37cb80dee49d55b5f6d9e595d52591d6371410,0x1bc922173daf67c5a1e8f35e0ef98eb0ebdf9e18b9c78cad6dff4807fa3214f5,Will the highest temperature in London be between 60-61°F on November 11?,Yes,BUY,85.71,0.07,14.285714285714285,1.0,3.88% of trader portfolio; deployment 100.0% (floored to $1 min),live,0x41b3b5fe4f900fa3e92888f1eac22361e8e5b8410861a7fddfc19615924f8362,,1,1.00,0,0,0
2025-11-11T19:31:44.857076+00:00,rejected,0x02e65d10e83eb391ca0c466630f82790854e25,0x83b9f9e2d28ab875b9c9f73cdd5535c4c8926124,0xeb28a750c89187e6f95f6113142f6771d39adab3c035d4d76e818e0b3e51e846,"ATP World Tour Finals, Jimmy Connors Group: Lorenzo Musetti vs Alex de Minaur",Musetti,BUY,30.0,0.3,0.0,1.0,Exceeds allocated capital for trader,,,,7,24.30,9,0,0
2025-11-11T19:31:44.857500+00:00,rejected,0x02e65d10e83eb391ca0c466630f82790854e25,0x83b9f9e2d28ab875b9c9f73cdd5535c4c8926124,0xeb28a750c89187e6f95f6113142f6771d39adab3c035d4d76e818e0b3e51e846,"ATP World Tour Finals, Jimmy Connors Group: Lorenzo Musetti vs Alex de Minaur",Musetti,BUY,75.0,0.3,0.0,1.0,Exceeds allocated capital for trader,,,,7,24.30,10,0,0
2025-11-11T19:31:44.858084+00:00,rejected,0x02e65d10e83eb391ca0c466630f82790854e25,0x83b9f9e2d28ab875b9c9f73cdd5535c4c8926124,0xaae0b4f783ecd7964f876882fe5d449e07c05a54d04c0d73631e09f307b1154b,Trail Blazers vs. Pelicans,Trail Blazers,BUY,10.0,0.72,0.0,1.0,Exceeds allocated capital for trader,,,,7,24.30,11,0,0
2025-11-11T19:31:44.858419+00:00,rejected,0x02e65d10e83eb391ca0c466630f82790854e25,0x83b9f9e2d28ab875b9c9f73cdd5535c4c8926124,0xeb28a750c89187e6f95f6113142f6771d39adab3c035d4d76e818e0b3e51e846,"ATP World Tour Finals, Jimmy Connors Group: Lorenzo Musetti vs Alex de Minaur",Musetti,BUY,30.0,0.3,0.0,1.0,Exceeds allocated capital for trader,,,,7,24.30,12,0,0
2025-11-11T19:31:44.858632+00:00,rejected,0x02e65d10e83eb391ca0c466630f82790854e25,0x83b9f9e2d28ab875b9c9f73cdd5535c4c8926124,0xeb28a750c89187e6f95f6113142f6771d39adab3c035d4d76e818e0b3e51e846,"ATP World Tour Finals, Jimmy Connors Group: Lorenzo Musetti vs Alex de Minaur",Musetti,BUY,15.0,0.3,0.0,1.0,Exceeds allocated capital for trader,,,,7,24.30,13,0,0
2025-11-11T19:31:44.858820+00:00,rejected,0x02e65d10e83eb391ca0c466630f82790854e25,0x83b9f9e2d28ab875b9c9f73cdd5535c4c8926124,0xeb28a750c89187e6f95f6113142f6771d39adab3c035d4d76e818e0b3e51e846,"ATP World Tour Finals, Jimmy Connors Group: Lorenzo Musetti vs Alex de Minaur",Musetti,BUY,153.0,0.3,0.0,1.0,Exceeds allocated capital for trader,,,,7,24.30,14,0,0
2025-11-11T19:31:44.859006+00:00,rejected,0x02e65d10e83eb391ca0c466630f82790854e25,0x83b9f9e2d28ab875b9c9f73cdd5535c4c8926124,0x5134b6d066fcae04afa8fdd2aa01b585abf126872feed5b6d3edaed8aed31845,Maple Leafs vs. Bruins,Bruins,BUY,21.0,0.44,0.0,1.0,Exceeds allocated capital for trader,,,,7,24.30,15,0,0
2025-11-11T19:31:44.859179+00:00,rejected,0x02e65d10e83eb391ca0c466630f82790854e25,0x83b9f9e2d28ab875b9c9f73cdd5535c4c8926124,0xeb28a750c89187e6f95f6113142f6771d39adab3c035d4d76e818e0b3e51e846,"ATP World Tour Finals, Jimmy Connors Group: Lorenzo Musetti vs Alex de Minaur",Musetti,BUY,50.0,0.3,0.0,1.0,Exceeds allocated capital for trader,,,,7,24.30,16,0,0
2025-11-11T19:31:44.859350+00:00,rejected,0x02e65d10e83eb391ca0c466630f82790854e25,0x83b9f9e2d28ab875b9c9f73cdd5535c4c8926124,0x5134b6d066fcae04afa8fdd2aa01b585abf126872feed5b6d3edaed8aed31845,Maple Leafs vs. Bruins,Bruins,BUY,10.0,0.44,0.0,1.0,Exceeds allocated capital for trader,,,,7,24.30,17,0,0
2025-11-11T19:31:44.859517+00:00,rejected,0x02e65d10e83eb391ca0c466630f82790854e25,0x83b9f9e2d28ab875b9c9f73cdd5535c4c8926124,0x5907554a7142584ce4e6c6113b1c17a60fe56607dbf203d5d6334f2bed55ec80,Ohio vs. Western Michigan,Ohio,BUY,10.0,0.49,0.0,1.0,Exceeds allocated capital for trader,,,,7,24.30,18,0,0
2025-11-11T19:31:44.859762+00:00,rejected,0x02e65d10e83eb391ca0c466630f82790854e25,0x83b9f9e2d28ab875b9c9f73cdd5535c4c8926124,0xeb28a750c89187e6f95f6113142f6771d39adab3c035d4d76e818e0b3e51e846,"ATP World Tour Finals, Jimmy Connors Group: Lorenzo Musetti vs Alex de Minaur",Musetti,BUY,10.0,0.3,0.0,1.0,Exceeds allocated capital for trader,,,,7,24.30,19,0,0
2025-11-11T19:31:44.859912+00:00,rejected,0x02e65d10e83eb391ca0c466630f82790854e25,0x83b9f9e2d28ab875b9c9f73cdd5535c4c8926124,0xeb28a750c89187e6f95f6113142f6771d39adab3c035d4d76e818e0b3e51e846,"ATP World Tour Finals, Jimmy Connors Group: Lorenzo Musetti vs Alex de Minaur",Musetti,BUY,301.0,0.3,0.0,1.0,Exceeds allocated capital for trader,,,,7,24.30,20,0,0
2025-11-11T19:31:44.860056+00:00,rejected,0x02e65d10e83eb391ca0c466630f82790854e25,0x83b9f9e2d28ab875b9c9f73cdd5535c4c8926124,0x78677117bb0e40740334beb87540130dcefb35cef11860431cd55b359454420f,Ducks vs. Avalanche,Ducks,BUY,44.0,0.31,0.0,1.0,Exceeds allocated capital for trader,,,,7,24.30,21,0,0
2025-11-11T19:31:44.860200+00:00,rejected,0x02e65d10e83eb391ca0c466630f82790854e25,0x83b9f9e2d28ab875b9c9f73cdd5535c4c8926124,0xeb28a750c89187e6f95f6113142f6771d39adab3c035d4d76e818e0b3e51e846,"ATP World Tour Finals, Jimmy Connors Group: Lorenzo Musetti vs Alex de Minaur",Musetti,BUY,6.0,0.3,0.0,1.0,Exceeds allocated capital for trader,,,,7,24.30,22,0,0
2025-11-11T19:31:44.860343+00:00,rejected,0x02e65d10e83eb391ca0c466630f82790854e25,0x83b9f9e2d28ab875b9c9f73cdd5535c4c8926124,0xeb28a750c89187e6f95f6113142f6771d39adab3c035d4d76e818e0b3e51e846,"ATP World Tour Finals, Jimmy Connors Group: Lorenzo Musetti vs Alex de Minaur",Musetti,BUY,91.0,0.3,0.0,1.0,Exceeds allocated capital for trader,,,,7,24.30,23,0,0
2025-11-11T19:31:44.860485+00:00,rejected,0x02e65d10e83eb391ca0c466630f82790854e25,0x83b9f9e2d28ab875b9c9f73cdd5535c4c8926124,0xeb28a750c89187e6f95f6113142f6771d39adab3c035d4d76e818e0b3e51e846,"ATP World Tour Finals, Jimmy Connors Group: Lorenzo Musetti vs Alex de Minaur",Musetti,BUY,4.0,0.3,0.0,1.0,Exceeds allocated capital for trader,,,,7,24.30,24,0,0
2025-11-11T19:31:44.860624+00:00,rejected,0x02e65d10e83eb391ca0c466630f82790854e25,0x83b9f9e2d28ab875b9c9f73cdd5535c4c8926124,0x5134b6d066fcae04afa8fdd2aa01b585abf126872feed5b6d3edaed8aed31845,Maple Leafs vs. Bruins,Bruins,BUY,85.0,0.44,0.0,1.0,Exceeds allocated capital for trader,,,,7,24.30,25,0,0
2025-11-11T19:31:44.860764+00:00,rejected,0x02e65d10e83eb391ca0c466630f82790854e25,0x83b9f9e2d28ab875b9c9f73cdd5535c4c8926124,0x81da073364856f4fcc1ff519306db77dccb1f339406c08c414dee11f45ebba28,Nuggets vs. Kings,Nuggets,BUY,50.0,0.77,0.0,1.0,Exceeds allocated capital for trader,,,,7,24.30,26,0,0
2025-11-11T19:31:44.860902+00:00,rejected,0x02e65d10e83eb391ca0c466630f82790854e25,0x83b9f9e2d28ab875b9c9f73cdd5535c4c8926124,0x2700c8cc1b14280f4144a511f8bae2b1482fbe2742304a9dea7b079d0c38546b,Bulls vs. Pistons,Bulls,BUY,20.0,0.37,0.0,1.0,Exceeds allocated capital for trader,,,,7,24.30,27,0,0
2025-11-11T19:31:44.861039+00:00,rejected,0x02e65d10e83eb391ca0c466630f82790854e25,0x83b9f9e2d28ab875b9c9f73cdd5535c4c8926124,0x81da073364856f4fcc1ff519306db77dccb1f339406c08c414dee11f45ebba28,Nuggets vs. Kings,Nuggets,BUY,300.0,0.77,0.0,1.0,Exceeds allocated capital for trader,,,,7,24.30,28,0,0
2025-11-11T19:31:44.861177+00:00,rejected,0x02e65d10e83eb391ca0c466630f82790854e25,0x83b9f9e2d28ab875b9c9f73cdd5535c4c8926124,0x8592ddc910b2d26b6114e2b24866da7f74cca6ece8e219b6a9eb997efe255be1,Michigan Wolverines vs. Wake Forest Demon Deacons: O/U 162.5,Under,BUY,7.0,0.28,0.0,1.0,Exceeds allocated capital for trader,,,,7,24.30,29,0,0
2025-11-11T19:31:44.861318+00:00,rejected,0x02e65d10e83eb391ca0c466630f82790854e25,0x83b9f9e2d28ab875b9c9f73cdd5535c4c8926124,0x5907554a7142584ce4e6c6113b1c17a60fe56607dbf203d5d6334f2bed55ec80,Ohio vs. Western Michigan,Ohio,BUY,19.0,0.49,0.0,1.0,Exceeds allocated capital for trader,,,,7,24.30,30,0,0
2025-11-11T19:31:44.861489+00:00,rejected,0x02e65d10e83eb391ca0c466630f82790854e25,0x83b9f9e2d28ab875b9c9f73cdd5535c4c8926124,0x5134b6d066fcae04afa8fdd2aa01b585abf126872feed5b6d3edaed8aed31845,Maple Leafs vs. Bruins,Bruins,BUY,14.0,0.44,0.0,1.0,Exceeds allocated capital for trader,,,,7,24.30,31,0,0
2025-11-11T19:31:44.861625+00:00,rejected,0x02e65d10e83eb391ca0c466630f82790854e25,0x83b9f9e2d28ab875b9c9f73cdd5535c4c8926124,0x5907554a7142584ce4e6c6113b1c17a60fe56607dbf203d5d6334f2bed55ec80,Ohio vs. Western Michigan,Ohio,BUY,20.0,0.49,0.0,1.0,Exceeds allocated capital for trader,,,,7,24.30,32,0,0
2025-11-11T19:31:44.861761+00:00,rejected,0x02e65d10e83eb391ca0c466630f82790854e25,0x83b9f9e2d28ab875b9c9f73cdd5535c4c8926124,0x5907554a7142584ce4e6c6113b1c17a60fe56607dbf203d5d6334f2bed55ec80,Ohio vs. Western Michigan,Ohio,BUY,160.0,0.49,0.0,1.0,Exceeds allocated capital for trader,,,,7,24.30,33,0,0
2025-11-11T19:31:44.861896+00:00,rejected,0x02e65d10e83eb391ca0c466630f82790854e25,0x83b9f9e2d28ab875b9c9f73cdd5535c4c8926124,0x2700c8cc1b14280f4144a511f8bae2b1482fbe2742304a9dea7b079d0c38546b,Bulls vs. Pistons,Bulls,BUY,2.0,0.37,0.0,1.0,Exceeds allocated capital for trader,,,,7,24.30,34,0,0
2025-11-11T19:31:44.862048+00:00,rejected,0x02e65d10e83eb391ca0c466630f82790854e25,0x83b9f9e2d28ab875b9c9f73cdd5535c4c8926124,0x5134b6d066fcae04afa8fdd2aa01b585abf126872feed5b6d3edaed8aed31845,Maple Leafs vs. Bruins,Bruins,BUY,42.0,0.44,0.0,1.0,Exceeds allocated capital for trader,,,,7,24.30,35,0,0
2025-11-11T19:31:44.862169+00:00,rejected,0x02e65d10e83eb391ca0c466630f82790854e25,0x83b9f9e2d28ab875b9c9f73cdd5535c4c8926124,0x5134b6d066fcae04afa8fdd2aa01b585abf126872feed5b6d3edaed8aed31845,Maple Leafs vs. Bruins,Bruins,BUY,21.0,0.44,0.0,1.0,Exceeds allocated capital for trader,,,,7,24.30,36,0,0
2025-11-11T19:31:44.862284+00:00,rejected,0x02e65d10e83eb391ca0c466630f82790854e25,0x83b9f9e2d28ab875b9c9f73cdd5535c4c8926124,0x78677117bb0e40740334beb87540130dcefb35cef11860431cd55b359454420f,Ducks vs. Avalanche,Ducks,BUY,210.0,0.31,0.0,1.0,Exceeds allocated capital for trader,,,,7,24.30,37,0,0
2025-11-11T19:31:44.862403+00:00,rejected,0x02e65d10e83eb391ca0c466630f82790854e25,0x83b9f9e2d28ab875b9c9f73cdd5535c4c8926124,0x78677117bb0e40740334beb87540130dcefb35cef11860431cd55b359454420f,Ducks vs. Avalanche,Ducks,BUY,59.0,0.31,0.0,1.0,Exceeds allocated capital for trader,,,,7,24.30,38,0,0
2025-11-11T19:31:44.862519+00:00,rejected,0x02e65d10e83eb391ca0c466630f82790854e25,0x83b9f9e2d28ab875b9c9f73cdd5535c4c8926124,0x78677117bb0e40740334beb87540130dcefb35cef11860431cd55b359454420f,Ducks vs. Avalanche,Ducks,BUY,301.0,0.31,0.0,1.0,Exceeds allocated capital for trader,,,,7,24.30,39,0,0
2025-11-11T19:31:44.862638+00:00,rejected,0x02e65d10e83eb391ca0c466630f82790854e25,0x83b9f9e2d28ab875b9c9f73cdd5535c4c8926124,0x5907554a7142584ce4e6c6113b1c17a60fe56607dbf203d5d6334f2bed55ec80,Ohio vs. Western Michigan,Ohio,BUY,16.0,0.49,0.0,1.0,Exceeds allocated capital for trader,,,,7,24.30,40,0,0
2025-11-11T19:31:44.862754+00:00,rejected,0x02e65d10e83eb391ca0c466630f82790854e25,0x83b9f9e2d28ab875b9c9f73cdd5535c4c8926124,0x81da073364856f4fcc1ff519306db77dccb1f339406c08c414dee11f45ebba28,Nuggets vs. Kings,Nuggets,BUY,17.0,0.77,0.0,1.0,Exceeds allocated capital for trader,,,,7,24.30,41,0,0
2025-11-11T19:31:44.862869+00:00,rejected,0x02e65d10e83eb391ca0c466630f82790854e25,0x83b9f9e2d28ab875b9c9f73cdd5535c4c8926124,0xb4f6d40e90de789771f492e2b79066b58f634bbe0cf4a5e91878891bdeeb4c0a,Kentucky Wildcats vs. Louisville Cardinals,Kentucky Wildcats,BUY,13.0,0.31,0.0,1.0,Exceeds allocated capital for trader,,,,7,24.30,42,0,0
2025-11-11T19:31:44.862988+00:00,rejected,0x02e65d10e83eb391ca0c466630f82790854e25,0x83b9f9e2d28ab875b9c9f73cdd5535c4c8926124,0x78677117bb0e40740334beb87540130dcefb35cef11860431cd55b359454420f,Ducks vs. Avalanche,Ducks,BUY,62.0,0.31,0.0,1.0,Exceeds allocated capital for trader,,,,7,24.30,43,0,0
2025-11-11T19:31:44.863106+00:00,rejected,0x02e65d10e83eb391ca0c466630f82790854e25,0x83b9f9e2d28ab875b9c9f73cdd5535c4c8926124,0x5134b6d066fcae04afa8fdd2aa01b585abf126872feed5b6d3edaed8aed31845,Maple Leafs vs. Bruins,Bruins,BUY,50.0,0.44,0.0,1.0,Exceeds allocated capital for trader,,,,7,24.30,44,0,0
2025-11-11T19:31:44.863250+00:00,rejected,0x02e65d10e83eb391ca0c466630f82790854e25,0x83b9f9e2d28ab875b9c9f73cdd5535c4c8926124,0xb4f6d40e90de789771f492e2b79066b58f634bbe0cf4a5e91878891bdeeb4c0a,Kentucky Wildcats vs. Louisville Cardinals,Kentucky Wildcats,BUY,22.0,0.31,0.0,1.0,Exceeds allocated capital for trader,,,,7,24.30,45,0,0
2025-11-11T19:31:44.863368+00:00,rejected,0x02e65d10e83eb391ca0c466630f82790854e25,0x83b9f9e2d28ab875b9c9f73cdd5535c4c8926124,0xcdec20318a102444de1f2d607739a5641fea58114a13d51d6e96c5e981588472,Will Cameroon win on 2025-11-13?,Yes,BUY,13.0,0.41,0.0,1.0,Exceeds allocated capital for trader,,,,7,24.30,46,0,0
2025-11-11T19:31:44.863484+00:00,rejected,0x02e65d10e83eb391ca0c466630f82790854e25,0x83b9f9e2d28ab875b9c9f73cdd5535c4c8926124,0x5134b6d066fcae04afa8fdd2aa01b585abf126872feed5b6d3edaed8aed31845,Maple Leafs vs. Bruins,Bruins,BUY,64.0,0.44,0.0,1.0,Exceeds allocated capital for trader,,,,7,24.30,47,0,0
2025-11-11T19:31:44.863598+00:00,rejected,0x02e65d10e83eb391ca0c466630f82790854e25,0x83b9f9e2d28ab875b9c9f73cdd5535c4c8926124,0xb4f6d40e90de789771f492e2b79066b58f634bbe0cf4a5e91878891bdeeb4c0a,Kentucky Wildcats vs. Louisville Cardinals,Kentucky Wildcats,BUY,46.0,0.32,0.0,1.0,Exceeds allocated capital for trader,,,,7,24.30,48,0,0
2025-11-11T19:31:44.863712+00:00,rejected,0x02e65d10e83eb391ca0c466630f82790854e25,0x83b9f9e2d28ab875b9c9f73cdd5535c4c8926124,0x78677117bb0e40740334beb87540130dcefb35cef11860431cd55b359454420f,Ducks vs. Avalanche,Ducks,BUY,13.0,0.31,0.0,1.0,Exceeds allocated capital for trader,,,,7,24.30,49,0,0
2025-11-11T19:31:44.863825+00:00,rejected,0x02e65d10e83eb391ca0c466630f82790854e25,0x83b9f9e2d28ab875b9c9f73cdd5535c4c8926124,0xdf8a9c0df3fe74efea57f0cdabd9e0e95102e0c90b1fcd5775b884534667a379,Nuggets vs. Clippers,Nuggets,BUY,6.0,0.63,0.0,1.0,Exceeds allocated capital for trader,,,,7,24.30,50,0,0
2025-11-11T19:31:44.863939+00:00,rejected,0x02e65d10e83eb391ca0c466630f82790854e25,0x83b9f9e2d28ab875b9c9f73cdd5535c4c8926124,0x5134b6d066fcae04afa8fdd2aa01b585abf126872feed5b6d3edaed8aed31845,Maple Leafs vs. Bruins,Bruins,BUY,11.0,0.44,0.0,1.0,Exceeds allocated capital for trader,,,,7,24.30,51,0,0
2025-11-11T19:31:44.864052+00:00,rejected,0x02e65d10e83eb391ca0c466630f82790854e25,0x83b9f9e2d28ab875b9c9f73cdd5535c4c8926124,0x2700c8cc1b14280f4144a511f8bae2b1482fbe2742304a9dea7b079d0c38546b,Bulls vs. Pistons,Pistons,BUY,5.0,0.67,0.0,1.0,Exceeds allocated capital for trader,,,,7,24.30,52,0,0
2025-11-11T19:31:44.864167+00:00,rejected,0x02e65d10e83eb391ca0c466630f82790854e25,0x83b9f9e2d28ab875b9c9f73cdd5535c4c8926124,0x5134b6d066fcae04afa8fdd2aa01b585abf126872feed5b6d3edaed8aed31845,Maple Leafs vs. Bruins,Bruins,BUY,21.0,0.44,0.0,1.0,Exceeds allocated capital for trader,,,,7,24.30,53,0,0
2025-11-11T19:31:44.864287+00:00,rejected,0x02e65d10e83eb391ca0c466630f82790854e25,0x83b9f9e2d28ab875b9c9f73cdd5535c4c8926124,0x81da073364856f4fcc1ff519306db77dccb1f339406c08c414dee11f45ebba28,Nuggets vs. Kings,Nuggets,BUY,100.0,0.77,0.0,1.0,Exceeds allocated capital for trader,,,,7,24.30,54,0,0
2025-11-11T19:31:44.864403+00:00,rejected,0x02e65d10e83eb391ca0c466630f82790854e25,0x83b9f9e2d28ab875b9c9f73cdd5535c4c8926124,0x78677117bb0e40740334beb87540130dcefb35cef11860431cd55b359454420f,Ducks vs. Avalanche,Ducks,BUY,29.0,0.31,0.0,1.0,Exceeds allocated capital for trader,,,,7,24.30,55,0,0
2025-11-11T19:31:44.864521+00:00,rejected,0x02e65d10e83eb391ca0c466630f82790854e25,0x83b9f9e2d28ab875b9c9f73cdd5535c4c8926124,0xf0196e31401e684bd2d3d091e4da22333c13b0996cc7b67cdd0cbf66b6fd5514,Pacers vs. Jazz,Jazz,BUY,100.0,0.43,0.0,1.0,Exceeds allocated capital for trader,,,,7,24.30,56,0,0
2025-11-11T19:31:44.864635+00:00,rejected,0x02e65d10e83eb391ca0c466630f82790854e25,0x83b9f9e2d28ab875b9c9f73cdd5535c4c8926124,0xf0196e31401e684bd2d3d091e4da22333c13b0996cc7b67cdd0cbf66b6fd5514,Pacers vs. Jazz,Jazz,BUY,86.0,0.43,0.0,1.0,Exceeds allocated capital for trader,,,,7,24.30,57,0,0
2025-11-11T19:31:44.864778+00:00,rejected,0x02e65d10e83eb391ca0c466630f82790854e25,0x83b9f9e2d28ab875b9c9f73cdd5535c4c8926124,0x23fc10c32677daf5a2ff3bf0c21aada482b180df7ca1afd66525665c95129aff,Celtics vs. 76ers,76ers,BUY,9.0,0.47,0.0,1.0,Exceeds allocated capital for trader,,,,7,24.30,58,0,0
2025-11-11T19:31:44.864895+00:00,rejected,0x02e65d10e83eb391ca0c466630f82790854e25,0x83b9f9e2d28ab875b9c9f73cdd5535c4c8926124,0x23fc10c32677daf5a2ff3bf0c21aada482b180df7ca1afd66525665c95129aff,Celtics vs. 76ers,76ers,BUY,44.0,0.47,0.0,1.0,Exceeds allocated capital for trader,,,,7,24.30,59,0,0
2025-11-11T19:31:44.865011+00:00,rejected,0x02e65d10e83eb391ca0c466630f82790854e25,0x83b9f9e2d28ab875b9c9f73cdd5535c4c8926124,0x23fc10c32677daf5a2ff3bf0c21aada482b180df7ca1afd66525665c95129aff,Celtics vs. 76ers,76ers,BUY,88.0,0.47,0.0,1.0,Exceeds allocated capital for trader,,,,7,24.30,60,0,0
2025-11-11T19:31:44.865126+00:00,rejected,0x02e65d10e83eb391ca0c466630f82790854e25,0x83b9f9e2d28ab875b9c9f73cdd5535c4c8926124,0x23fc10c32677daf5a2ff3bf0c21aada482b180df7ca1afd66525665c95129aff,Celtics vs. 76ers,76ers,BUY,117.0,0.47,0.0,1.0,Exceeds allocated capital for trader,,,,7,24.30,61,0,0
2025-11-11T19:31:44.865241+00:00,rejected,0x02e65d10e83eb391ca0c466630f82790854e25,0x83b9f9e2d28ab875b9c9f73cdd5535c4c8926124,0x23fc10c32677daf5a2ff3bf0c21aada482b180df7ca1afd66525665c95129aff,Celtics vs. 76ers,76ers,BUY,49.0,0.47,0.0,1.0,Exceeds allocated capital for trader,,,,7,24.30,62,0,0
2025-11-11T19:31:44.865356+00:00,rejected,0x02e65d10e83eb391ca0c466630f82790854e25,0x83b9f9e2d28ab875b9c9f73cdd5535c4c8926124,0x23fc10c32677daf5a2ff3bf0c21aada482b180df7ca1afd66525665c95129aff,Celtics vs. 76ers,76ers,BUY,38.0,0.47,0.0,1.0,Exceeds allocated capital for trader,,,,7,24.30,63,0,0
2025-11-11T19:31:44.865471+00:00,rejected,0x02e65d10e83eb391ca0c466630f82790854e25,0x83b9f9e2d28ab875b9c9f73cdd5535c4c8926124,0x23fc10c32677daf5a2ff3bf0c21aada482b180df7ca1afd66525665c95129aff,Celtics vs. 76ers,76ers,BUY,12.0,0.47,0.0,1.0,Exceeds allocated capital for trader,,,,7,24.30,64,0,0
2025-11-11T19:31:44.865592+00:00,rejected,0x02e65d10e83eb391ca0c466630f82790854e25,0x83b9f9e2d28ab875b9c9f73cdd5535c4c8926124,0xa50552946a353d56b5d92790c81023138a4a63c1b7921d1cb3606edcde0371bf,Navy Midshipmen vs. Penn State Nittany Lions,Penn State Nittany Lions,BUY,190.0,0.87,0.0,1.0,Exceeds allocated capital for trader,,,,7,24.30,65,0,0
2025-11-11T19:31:44.865710+00:00,rejected,0x02e65d10e83eb391ca0c466630f82790854e25,0x83b9f9e2d28ab875b9c9f73cdd5535c4c8926124,0x6c3263def96926aef638d96263b61936b08519de4bc0d50e9f1c71510a5a9869,Suns vs. Mavericks,Suns,BUY,9.0,0.56,0.0,1.0,Exceeds allocated capital for trader,,,,7,24.30,66,0,0
2025-11-11T19:47:07.088279+00:00,rejected,0x02e65d10e83eb391ca0c466630f82790854e25,0x83b9f9e2d28ab875b9c9f73cdd5535c4c8926124,0x9a5c17864908d0e30f930388ceaeffd3d56d312217b3e715045ab0bd506d3c24,Will Serbia win on 2025-11-13?,Yes,BUY,14.0,0.09,0.0,1.0,Exceeds allocated capital for trader,,,,7,24.30,67,0,0
2025-11-11T19:47:07.088899+00:00,rejected,0x02e65d10e83eb391ca0c466630f82790854e25,0x83b9f9e2d28ab875b9c9f73cdd5535c4c8926124,0x78677117bb0e40740334beb87540130dcefb35cef11860431cd55b359454420f,Ducks vs. Avalanche,Ducks,BUY,13.0,0.31,0.0,1.0,Exceeds allocated capital for trader,,,,7,24.30,68,0,0
2025-11-11T19:47:07.089136+00:00,rejected,0x02e65d10e83eb391ca0c466630f82790854e25,0x83b9f9e2d28ab875b9c9f73cdd5535c4c8926124,0xf34cc15f5915da3e0479b78cfc7a15d3f1e8ada21087f75540ba1182f8c492fb,Lakers vs. Thunder,Thunder,BUY,14.0,0.6828571428571428,0.0,1.0,Exceeds allocated capital for trader,,,,7,24.30,69,0,0
2025-11-11T19:47:07.089326+00:00,rejected,0x02e65d10e83eb391ca0c466630f82790854e25,0x83b9f9e2d28ab875b9c9f73cdd5535c4c8926124,0xb47c7ab48036bb798919713ab7332a8f614eddb563baddf555e1fd9b8c8af786,Will El Salvador win on 2025-11-13?,Yes,BUY,20.0,0.21,0.0,1.0,Exceeds allocated capital for trader,,,,7,24.30,70,0,0
2025-11-11T19:47:07.089498+00:00,rejected,0x02e65d10e83eb391ca0c466630f82790854e25,0x83b9f9e2d28ab875b9c9f73cdd5535c4c8926124,0x2700c8cc1b14280f4144a511f8bae2b1482fbe2742304a9dea7b079d0c38546b,Bulls vs. Pistons,Bulls,BUY,9.0,0.36,0.0,1.0,Exceeds allocated capital for trader,,,,7,24.30,71,0,0
2025-11-11T19:47:07.089721+00:00,rejected,0x02e65d10e83eb391ca0c466630f82790854e25,0x83b9f9e2d28ab875b9c9f73cdd5535c4c8926124,0xac87571452772319b1e597d73ed7314c942ffe6fdd829567dc315e7aa5c338a2,Cavaliers vs. Heat,Heat,BUY,1.0,0.37,0.0,1.0,Exceeds allocated capital for trader,,,,7,24.30,72,0,0
2025-11-11T19:47:07.089871+00:00,rejected,0x02e65d10e83eb391ca0c466630f82790854e25,0x83b9f9e2d28ab875b9c9f73cdd5535c4c8926124,0x81da073364856f4fcc1ff519306db77dccb1f339406c08c414dee11f45ebba28,Nuggets vs. Kings,Nuggets,BUY,31.0,0.77,0.0,1.0,Exceeds allocated capital for trader,,,,7,24.30,73,0,0
2025-11-11T19:47:07.090009+00:00,rejected,0x02e65d10e83eb391ca0c466630f82790854e25,0x83b9f9e2d28ab875b9c9f73cdd5535c4c8926124,0x95a77d8cfcdc73774188da694485b3a079dfe61d6618bb32af85464eef4c7dac,Magic vs. Knicks,Knicks,BUY,4.0,0.62,0.0,1.0,Exceeds allocated capital for trader,,,,7,24.30,74,0,0
2025-11-11T19:47:07.090140+00:00,rejected,0x02e65d10e83eb391ca0c466630f82790854e25,0x83b9f9e2d28ab875b9c9f73cdd5535c4c8926124,0x23fc10c32677daf5a2ff3bf0c21aada482b180df7ca1afd66525665c95129aff,Celtics vs. 76ers,76ers,BUY,444.0,0.47,0.0,1.0,Exceeds allocated capital for trader,,,,7,24.30,75,0,0
2025-11-11T19:47:07.090271+00:00,rejected,0x02e65d10e83eb391ca0c466630f82790854e25,0x83b9f9e2d28ab875b9c9f73cdd5535c4c8926124,0x5134b6d066fcae04afa8fdd2aa01b585abf126872feed5b6d3edaed8aed31845,Maple Leafs vs. Bruins,Bruins,BUY,21.0,0.44,0.0,1.0,Exceeds allocated capital for trader,,,,7,24.30,76,0,0
2025-11-11T19:47:07.090399+00:00,rejected,0x02e65d10e83eb391ca0c466630f82790854e25,0x83b9f9e2d28ab875b9c9f73cdd5535c4c8926124,0x23fc10c32677daf5a2ff3bf0c21aada482b180df7ca1afd66525665c95129aff,Celtics vs. 76ers,76ers,BUY,25.0,0.47,0.0,1.0,Exceeds allocated capital for trader,,,,7,24.30,77,0,0
2025-11-11T19:47:07.090529+00:00,rejected,0x02e65d10e83eb391ca0c466630f82790854e25,0x83b9f9e2d28ab875b9c9f73cdd5535c4c8926124,0xf34cc15f5915da3e0479b78cfc7a15d3f1e8ada21087f75540ba1182f8c492fb,Lakers vs. Thunder,Lakers,BUY,53.0,0.33,0.0,1.0,Exceeds allocated capital for trader,,,,7,24.30,78,0,0
2025-11-11T19:47:07.090654+00:00,rejected,0x02e65d10e83eb391ca0c466630f82790854e25,0x83b9f9e2d28ab875b9c9f73cdd5535c4c8926124,0xf34cc15f5915da3e0479b78cfc7a15d3f1e8ada21087f75540ba1182f8c492fb,Lakers vs. Thunder,Lakers,BUY,38.0,0.34,0.0,1.0,Exceeds allocated capital for trader,,,,7,24.30,79,0,0
2025-11-11T19:47:07.090780+00:00,rejected,0x02e65d10e83eb391ca0c466630f82790854e25,0x83b9f9e2d28ab875b9c9f73cdd5535c4c8926124,0x78677117bb0e40740334beb87540130dcefb35cef11860431cd55b359454420f,Ducks vs. Avalanche,Ducks,BUY,455.0,0.31,0.0,1.0,Exceeds allocated capital for trader,,,,7,24.30,80,0,0
2025-11-11T19:47:07.090918+00:00,rejected,0x02e65d10e83eb391ca0c466630f82790854e25,0x83b9f9e2d28ab875b9c9f73cdd5535c4c8926124,0x1fa0a429c2183b5423564b1c6294214ba01be7ffd6344d2fd3500f0e98e58481,Hawks vs. Kings,Hawks,BUY,4.0,0.6,0.0,1.0,Exceeds allocated capital for trader,,,,7,24.30,81,0,0
2025-11-11T19:47:07.091056+00:00,rejected,0x02e65d10e83eb391ca0c466630f82790854e25,0x83b9f9e2d28ab875b9c9f73cdd5535c4c8926124,0xe9d599a9b239ac28045221677014c8e010fe7dac66b284e2f06ad29d669ee492,Islanders vs. Golden Knights,Golden Knights,BUY,3.0,0.62,0.0,1.0,Exceeds allocated capital for trader,,,,7,24.30,82,0,0
2025-11-11T19:47:07.091192+00:00,rejected,0x02e65d10e83eb391ca0c466630f82790854e25,0x83b9f9e2d28ab875b9c9f73cdd5535c4c8926124,0xdf8a9c0df3fe74efea57f0cdabd9e0e95102e0c90b1fcd5775b884534667a379,Nuggets vs. Clippers,Nuggets,BUY,3.0,0.63,0.0,1.0,Exceeds allocated capital for trader,,,,7,24.30,83,0,0
2025-11-11T19:47:07.091320+00:00,rejected,0x02e65d10e83eb391ca0c466630f82790854e25,0x83b9f9e2d28ab875b9c9f73cdd5535c4c8926124,0xf34cc15f5915da3e0479b78cfc7a15d3f1e8ada21087f75540ba1182f8c492fb,Lakers vs. Thunder,Lakers,BUY,4.0,0.34,0.0,1.0,Exceeds allocated capital for trader,,,,7,24.30,84,0,0
2025-11-11T19:47:07.091446+00:00,rejected,0x02e65d10e83eb391ca0c466630f82790854e25,0x83b9f9e2d28ab875b9c9f73cdd5535c4c8926124,0x5134b6d066fcae04afa8fdd2aa01b585abf126872feed5b6d3edaed8aed31845,Maple Leafs vs. Bruins,Bruins,BUY,4.0,0.44,0.0,1.0,Exceeds allocated capital for trader,,,,7,24.30,85,0,0
2025-11-11T19:47:07.091611+00:00,rejected,0x02e65d10e83eb391ca0c466630f82790854e25,0x83b9f9e2d28ab875b9c9f73cdd5535c4c8926124,0x23fc10c32677daf5a2ff3bf0c21aada482b180df7ca1afd66525665c95129aff,Celtics vs. 76ers,76ers,BUY,10.0,0.47,0.0,1.0,Exceeds allocated capital for trader,,,,7,24.30,86,0,0
2025-11-11T19:47:07.091747+00:00,rejected,0x02e65d10e83eb391ca0c466630f82790854e25,0x83b9f9e2d28ab875b9c9f73cdd5535c4c8926124,0x95a77d8cfcdc73774188da694485b3a079dfe61d6618bb32af85464eef4c7dac,Magic vs. Knicks,Knicks,BUY,3.53,0.63,0.0,1.0,Exceeds allocated capital for trader,,,,7,24.30,87,0,0
2025-11-11T19:47:07.091880+00:00,rejected,0x02e65d10e83eb391ca0c466630f82790854e25,0x83b9f9e2d28ab875b9c9f73cdd5535c4c8926124,0x23fc10c32677daf5a2ff3bf0c21aada482b180df7ca1afd66525665c95129aff,Celtics vs. 76ers,76ers,BUY,32.0,0.47,0.0,1.0,Exceeds allocated capital for trader,,,,7,24.30,88,0,0
2025-11-11T19:47:07.092015+00:00,rejected,0x02e65d10e83eb391ca0c466630f82790854e25,0x83b9f9e2d28ab875b9c9f73cdd5535c4c8926124,0x5134b6d066fcae04afa8fdd2aa01b585abf126872feed5b6d3edaed8aed31845,Maple Leafs vs. Bruins,Bruins,BUY,10.0,0.44,0.0,1.0,Exceeds allocated capital for trader,,,,7,24.30,89,0,0
2025-11-11T19:47:07.092148+00:00,rejected,0x02e65d10e83eb391ca0c466630f82790854e25,0x83b9f9e2d28ab875b9c9f73cdd5535c4c8926124,0x81da073364856f4fcc1ff519306db77dccb1f339406c08c414dee11f45ebba28,Nuggets vs. Kings,Nuggets,BUY,5.0,0.77,0.0,1.0,Exceeds allocated capital for trader,,,,7,24.30,90,0,0
2025-11-11T19:47:07.092288+00:00,rejected,0x02e65d10e83eb391ca0c466630f82790854e25,0x83b9f9e2d28ab875b9c9f73cdd5535c4c8926124,0xcf496ae8e714d62adb4c221c6bea2b1eb1c7ddce52ccc9c9e98a0690b089c080,Stars vs. Senators: O/U 5.5,Over,BUY,35.0,0.53,0.0,1.0,Exceeds allocated capital for trader,,,,7,24.30,91,0,0
2025-11-11T19:47:07.092440+00:00,rejected,0x02e65d10e83eb391ca0c466630f82790854e25,0x83b9f9e2d28ab875b9c9f73cdd5535c4c8926124,0x81da073364856f4fcc1ff519306db77dccb1f339406c08c414dee11f45ebba28,Nuggets vs. Kings,Nuggets,BUY,63.0,0.77,0.0,1.0,Exceeds allocated capital for trader,,,,7,24.30,92,0,0
2025-11-11T19:47:07.092589+00:00,rejected,0x02e65d10e83eb391ca0c466630f82790854e25,0x83b9f9e2d28ab875b9c9f73cdd5535c4c8926124,0x81da073364856f4fcc1ff519306db77dccb1f339406c08c414dee11f45ebba28,Nuggets vs. Kings,Nuggets,BUY,14.0,0.77,0.0,1.0,Exceeds allocated capital for trader,,,,7,24.30,93,0,0
2025-11-11T19:47:07.092771+00:00,rejected,0x02e65d10e83eb391ca0c466630f82790854e25,0x83b9f9e2d28ab875b9c9f73cdd5535c4c8926124,0x78677117bb0e40740334beb87540130dcefb35cef11860431cd55b359454420f,Ducks vs. Avalanche,Ducks,BUY,24.0,0.31,0.0,1.0,Exceeds allocated capital for trader,,,,7,24.30,94,0,0
2025-11-11T19:47:07.092923+00:00,rejected,0x02e65d10e83eb391ca0c466630f82790854e25,0x83b9f9e2d28ab875b9c9f73cdd5535c4c8926124,0x81da073364856f4fcc1ff519306db77dccb1f339406c08c414dee11f45ebba28,Nuggets vs. Kings,Nuggets,BUY,8.0,0.77,0.0,1.0,Exceeds allocated capital for trader,,,,7,24.30,95,0,0
2025-11-11T19:47:07.093059+00:00,rejected,0x02e65d10e83eb391ca0c466630f82790854e25,0x83b9f9e2d28ab875b9c9f73cdd5535c4c8926124,0x81da073364856f4fcc1ff519306db77dccb1f339406c08c414dee11f45ebba28,Nuggets vs. Kings,Nuggets,BUY,12.0,0.77,0.0,1.0,Exceeds allocated capital for trader,,,,7,24.30,96,0,0
2025-11-11T19:47:07.093198+00:00,rejected,0x02e65d10e83eb391ca0c466630f82790854e25,0x83b9f9e2d28ab875b9c9f73cdd5535c4c8926124,0x23fc10c32677daf5a2ff3bf0c21aada482b180df7ca1afd66525665c95129aff,Celtics vs. 76ers,76ers,BUY,295.0,0.47,0.0,1.0,Exceeds allocated capital for trader,,,,7,24.30,97,0,0
2025-11-11T19:47:07.093330+00:00,rejected,0x02e65d10e83eb391ca0c466630f82790854e25,0x83b9f9e2d28ab875b9c9f73cdd5535c4c8926124,0x23fc10c32677daf5a2ff3bf0c21aada482b180df7ca1afd66525665c95129aff,Celtics vs. 76ers,76ers,BUY,174.0,0.47,0.0,1.0,Exceeds allocated capital for trader,,,,7,24.30,98,0,0
2025-11-11T19:47:07.093525+00:00,rejected,0x02e65d10e83eb391ca0c466630f82790854e25,0x83b9f9e2d28ab875b9c9f73cdd5535c4c8926124,0x23fc10c32677daf5a2ff3bf0c21aada482b180df7ca1afd66525665c95129aff,Celtics vs. 76ers,76ers,BUY,10.0,0.47,0.0,1.0,Exceeds allocated capital for trader,,,,7,24.30,99,0,0
2025-11-11T19:47:07.093793+00:00,rejected,0x02e65d10e83eb391ca0c466630f82790854e25,0x83b9f9e2d28ab875b9c9f73cdd5535c4c8926124,0x23fc10c32677daf5a2ff3bf0c21aada482b180df7ca1afd66525665c95129aff,Celtics vs. 76ers,76ers,BUY,4.0,0.47,0.0,1.0,Exceeds allocated capital for trader,,,,7,24.30,100,0,0
2025-11-11T19:47:07.093993+00:00,rejected,0x02e65d10e83eb391ca0c466630f82790854e25,0x83b9f9e2d28ab875b9c9f73cdd5535c4c8926124,0x23fc10c32677daf5a2ff3bf0c21aada482b180df7ca1afd66525665c95129aff,Celtics vs. 76ers,76ers,BUY,6.0,0.47,0.0,1.0,Exceeds allocated capital for trader,,,,7,24.30,101,0,0
2025-11-11T19:47:07.094171+00:00,rejected,0x02e65d10e83eb391ca0c466630f82790854e25,0x83b9f9e2d28ab875b9c9f73cdd5535c4c8926124,0x5134b6d066fcae04afa8fdd2aa01b585abf126872feed5b6d3edaed8aed31845,Maple Leafs vs. Bruins,Bruins,BUY,40.0,0.44,0.0,1.0,Exceeds allocated capital for trader,,,,7,24.30,102,0,0
2025-11-11T19:47:07.094384+00:00,rejected,0x02e65d10e83eb391ca0c466630f82790854e25,0x83b9f9e2d28ab875b9c9f73cdd5535c4c8926124,0x23fc10c32677daf5a2ff3bf0c21aada482b180df7ca1afd66525665c95129aff,Celtics vs. 76ers,76ers,BUY,15.0,0.47,0.0,1.0,Exceeds allocated capital for trader,,,,7,24.30,103,0,0
2025-11-11T19:47:07.094546+00:00,rejected,0x02e65d10e83eb391ca0c466630f82790854e25,0x83b9f9e2d28ab875b9c9f73cdd5535c4c8926124,0x23fc10c32677daf5a2ff3bf0c21aada482b180df7ca1afd66525665c95129aff,Celtics vs. 76ers,76ers,BUY,10.0,0.47,0.0,1.0,Exceeds allocated capital for trader,,,,7,24.30,104,0,0
2025-11-11T19:47:07.094733+00:00,rejected,0x02e65d10e83eb391ca0c466630f82790854e25,0x83b9f9e2d28ab875b9c9f73cdd5535c4c8926124,0x23fc10c32677daf5a2ff3bf0c21aada482b180df7ca1afd66525665c95129aff,Celtics vs. 76ers,76ers,BUY,100.0,0.47,0.0,1.0,Exceeds allocated capital for trader,,,,7,24.30,105,0,0
2025-11-11T19:47:07.094879+00:00,rejected,0x02e65d10e83eb391ca0c466630f82790854e25,0x83b9f9e2d28ab875b9c9f73cdd5535c4c8926124,0x23fc10c32677daf5a2ff3bf0c21aada482b180df7ca1afd66525665c95129aff,Celtics vs. 76ers,76ers,BUY,25.0,0.47,0.0,1.0,Exceeds allocated capital for trader,,,,7,24.30,106,0,0
2025-11-11T19:47:07.095018+00:00,rejected,0x02e65d10e83eb391ca0c466630f82790854e25,0x83b9f9e2d28ab875b9c9f73cdd5535c4c8926124,0xac87571452772319b1e597d73ed7314c942ffe6fdd829567dc315e7aa5c338a2,Cavaliers vs. Heat,Heat,BUY,7.0,0.37,0.0,1.0,Exceeds allocated capital for trader,,,,7,24.30,107,0,0
2025-11-11T19:47:07.095176+00:00,rejected,0x02e65d10e83eb391ca0c466630f82790854e25,0x83b9f9e2d28ab875b9c9f73cdd5535c4c8926124,0x23fc10c32677daf5a2ff3bf0c21aada482b180df7ca1afd66525665c95129aff,Celtics vs. 76ers,76ers,BUY,6.0,0.47,0.0,1.0,Exceeds allocated capital for trader,,,,7,24.30,108,0,0
2025-11-11T19:47:07.095334+00:00,rejected,0x02e65d10e83eb391ca0c466630f82790854e25,0x83b9f9e2d28ab875b9c9f73cdd5535c4c8926124,0x61f8ba95cb4614aac472c0f9ae00b867dd5776efa3d15bda1b8660f47bf25449,Austin Peay Governors vs. Wyoming Cowboys,Wyoming Cowboys,BUY,15.0,0.66,0.0,1.0,Exceeds allocated capital for trader,,,,7,24.30,109,0,0
2025-11-11T19:47:07.095493+00:00,rejected,0x02e65d10e83eb391ca0c466630f82790854e25,0x83b9f9e2d28ab875b9c9f73cdd5535c4c8926124,0x81da073364856f4fcc1ff519306db77dccb1f339406c08c414dee11f45ebba28,Nuggets vs. Kings,Nuggets,BUY,29.0,0.77,0.0,1.0,Exceeds allocated capital for trader,,,,7,24.30,110,0,0
2025-11-11T19:47:07.095674+00:00,rejected,0x02e65d10e83eb391ca0c466630f82790854e25,0x83b9f9e2d28ab875b9c9f73cdd5535c4c8926124,0x81da073364856f4fcc1ff519306db77dccb1f339406c08c414dee11f45ebba28,Nuggets vs. Kings,Nuggets,BUY,10.0,0.77,0.0,1.0,Exceeds allocated capital for trader,,,,7,24.30,111,0,0
2025-11-11T19:47:07.095861+00:00,rejected,0x02e65d10e83eb391ca0c466630f82790854e25,0x83b9f9e2d28ab875b9c9f73cdd5535c4c8926124,0x2700c8cc1b14280f4144a511f8bae2b1482fbe2742304a9dea7b079d0c38546b,Bulls vs. Pistons,Pistons,BUY,5.0,0.69,0.0,1.0,Exceeds allocated capital for trader,,,,7,24.30,112,0,0
2025-11-11T19:47:07.096054+00:00,rejected,0x02e65d10e83eb391ca0c466630f82790854e25,0x83b9f9e2d28ab875b9c9f73cdd5535c4c8926124,0xac87571452772319b1e597d73ed7314c942ffe6fdd829567dc315e7aa5c338a2,Cavaliers vs. Heat,Heat,BUY,1.0,0.37,0.0,1.0,Exceeds allocated capital for trader,,,,7,24.30,113,0,0
2025-11-11T19:47:07.096197+00:00,rejected,0x02e65d10e83eb391ca0c466630f82790854e25,0x83b9f9e2d28ab875b9c9f73cdd5535c4c8926124,0x06f4b1cd367aa0abbb6c56d9f9270e5e8806a6f35deec96ace73ff812870d864,Warriors vs. Spurs,Warriors,BUY,19.0,0.38,0.0,1.0,Exceeds allocated capital for trader,,,,7,24.30,114,0,0
2025-11-11T19:47:07.096313+00:00,rejected,0x02e65d10e83eb391ca0c466630f82790854e25,0x83b9f9e2d28ab875b9c9f73cdd5535c4c8926124,0x06f4b1cd367aa0abbb6c56d9f9270e5e8806a6f35deec96ace73ff812870d864,Warriors vs. Spurs,Spurs,BUY,6.0,0.63,0.0,1.0,Exceeds allocated capital for trader,,,,7,24.30,115,0,0
2025-11-11T19:47:07.096420+00:00,rejected,0x02e65d10e83eb391ca0c466630f82790854e25,0x83b9f9e2d28ab875b9c9f73cdd5535c4c8926124,0x23fc10c32677daf5a2ff3bf0c21aada482b180df7ca1afd66525665c95129aff,Celtics vs. 76ers,76ers,BUY,10.0,0.47,0.0,1.0,Exceeds allocated capital for trader,,,,7,24.30,116,0,0
2025-11-11T19:47:07.096523+00:00,rejected,0x02e65d10e83eb391ca0c466630f82790854e25,0x83b9f9e2d28ab875b9c9f73cdd5535c4c8926124,0xf34cc15f5915da3e0479b78cfc7a15d3f1e8ada21087f75540ba1182f8c492fb,Lakers vs. Thunder,Lakers,BUY,3.0,0.36,0.0,1.0,Exceeds allocated capital for trader,,,,7,24.30,117,0,0
2025-11-11T19:47:07.096633+00:00,rejected,0x02e65d10e83eb391ca0c466630f82790854e25,0x83b9f9e2d28ab875b9c9f73cdd5535c4c8926124,0x23fc10c32677daf5a2ff3bf0c21aada482b180df7ca1afd66525665c95129aff,Celtics vs. 76ers,76ers,BUY,66.0,0.47,0.0,1.0,Exceeds allocated capital for trader,,,,7,24.30,118,0,0
2025-11-11T19:47:07.096741+00:00,rejected,0x02e65d10e83eb391ca0c466630f82790854e25,0x83b9f9e2d28ab875b9c9f73cdd5535c4c8926124,0x23fc10c32677daf5a2ff3bf0c21aada482b180df7ca1afd66525665c95129aff,Celtics vs. 76ers,76ers,BUY,934.0,0.47,0.0,1.0,Exceeds allocated capital for trader,,,,7,24.30,119,0,0
2025-11-11T19:47:07.096844+00:00,rejected,0x02e65d10e83eb391ca0c466630f82790854e25,0x83b9f9e2d28ab875b9c9f73cdd5535c4c8926124,0x23fc10c32677daf5a2ff3bf0c21aada482b180df7ca1afd66525665c95129aff,Celtics vs. 76ers,76ers,BUY,10.0,0.47,0.0,1.0,Exceeds allocated capital for trader,,,,7,24.30,120,0,0
2025-11-11T19:47:07.096950+00:00,rejected,0x02e65d10e83eb391ca0c466630f82790854e25,0x83b9f9e2d28ab875b9c9f73cdd5535c4c8926124,0x23fc10c32677daf5a2ff3bf0c21aada482b180df7ca1afd66525665c95129aff,Celtics vs. 76ers,76ers,BUY,50.0,0.47,0.0,1.0,Exceeds allocated capital for trader,,,,7,24.30,121,0,0
2025-11-11T19:47:07.097062+00:00,rejected,0x02e65d10e83eb391ca0c466630f82790854e25,0x83b9f9e2d28ab875b9c9f73cdd5535c4c8926124,0x23fc10c32677daf5a2ff3bf0c21aada482b180df7ca1afd66525665c95129aff,Celtics vs. 76ers,76ers,BUY,5.0,0.47,0.0,1.0,Exceeds allocated capital for trader,,,,7,24.30,122,0,0
2025-11-11T19:47:07.097165+00:00,rejected,0x02e65d10e83eb391ca0c466630f82790854e25,0x83b9f9e2d28ab875b9c9f73cdd5535c4c8926124,0x81da073364856f4fcc1ff519306db77dccb1f339406c08c414dee11f45ebba28,Nuggets vs. Kings,Nuggets,BUY,252.0,0.77,0.0,1.0,Exceeds allocated capital for trader,,,,7,24.30,123,0,0
2025-11-11T19:47:07.097266+00:00,rejected,0x02e65d10e83eb391ca0c466630f82790854e25,0x83b9f9e2d28ab875b9c9f73cdd5535c4c8926124,0x23fc10c32677daf5a2ff3bf0c21aada482b180df7ca1afd66525665c95129aff,Celtics vs. 76ers,76ers,BUY,10.0,0.47,0.0,1.0,Exceeds allocated capital for trader,,,,7,24.30,124,0,0
2025-11-11T19:47:07.097366+00:00,rejected,0x02e65d10e83eb391ca0c466630f82790854e25,0x83b9f9e2d28ab875b9c9f73cdd5535c4c8926124,0x23fc10c32677daf5a2ff3bf0c21aada482b180df7ca1afd66525665c95129aff,Celtics vs. 76ers,76ers,BUY,5.0,0.47,0.0,1.0,Exceeds allocated capital for trader,,,,7,24.30,125,0,0
2025-11-11T19:47:07.097474+00:00,rejected,0x02e65d10e83eb391ca0c466630f82790854e25,0x83b9f9e2d28ab875b9c9f73cdd5535c4c8926124,0x23fc10c32677daf5a2ff3bf0c21aada482b180df7ca1afd66525665c95129aff,Celtics vs. 76ers,76ers,BUY,75.0,0.47,0.0,1.0,Exceeds allocated capital for trader,,,,7,24.30,126,0,0
2025-11-11T19:47:07.097595+00:00,rejected,0x02e65d10e83eb391ca0c466630f82790854e25,0x83b9f9e2d28ab875b9c9f73cdd5535c4c8926124,0x23fc10c32677daf5a2ff3bf0c21aada482b180df7ca1afd66525665c95129aff,Celtics vs. 76ers,76ers,BUY,10.0,0.47,0.0,1.0,Exceeds allocated capital for trader,,,,7,24.30,127,0,0
2025-11-11T19:47:07.097718+00:00,rejected,0x02e65d10e83eb391ca0c466630f82790854e25,0x83b9f9e2d28ab875b9c9f73cdd5535c4c8926124,0x2700c8cc1b14280f4144a511f8bae2b1482fbe2742304a9dea7b079d0c38546b,Bulls vs. Pistons,Pistons,BUY,19.0,0.69,0.0,1.0,Exceeds allocated capital for trader,,,,7,24.30,128,0,0
2025-11-11T19:47:07.097849+00:00,rejected,0x02e65d10e83eb391ca0c466630f82790854e25,0x83b9f9e2d28ab875b9c9f73cdd5535c4c8926124,0x2700c8cc1b14280f4144a511f8bae2b1482fbe2742304a9dea7b079d0c38546b,Bulls vs. Pistons,Pistons,BUY,3.0,0.69,0.0,1.0,Exceeds allocated capital for trader,,,,7,24.30,129,0,0
2025-11-11T19:47:07.097966+00:00,rejected,0x02e65d10e83eb391ca0c466630f82790854e25,0x83b9f9e2d28ab875b9c9f73cdd5535c4c8926124,0x81da073364856f4fcc1ff519306db77dccb1f339406c08c414dee11f45ebba28,Nuggets vs. Kings,Nuggets,BUY,10.0,0.77,0.0,1.0,Exceeds allocated capital for trader,,,,7,24.30,130,0,0
2025-11-11T19:47:07.098091+00:00,rejected,0x02e65d10e83eb391ca0c466630f82790854e25,0x83b9f9e2d28ab875b9c9f73cdd5535c4c8926124,0x5134b6d066fcae04afa8fdd2aa01b585abf126872feed5b6d3edaed8aed31845,Maple Leafs vs. Bruins,Bruins,BUY,100.0,0.44,0.0,1.0,Exceeds allocated capital for trader,,,,7,24.30,131,0,0
2025-11-11T19:47:07.098196+00:00,rejected,0x02e65d10e83eb391ca0c466630f82790854e25,0x83b9f9e2d28ab875b9c9f73cdd5535c4c8926124,0x81da073364856f4fcc1ff519306db77dccb1f339406c08c414dee11f45ebba28,Nuggets vs. Kings,Nuggets,BUY,6.0,0.77,0.0,1.0,Exceeds allocated capital for trader,,,,7,24.30,132,0,0
2025-11-11T19:47:07.098304+00:00,rejected,0x02e65d10e83eb391ca0c466630f82790854e25,0x83b9f9e2d28ab875b9c9f73cdd5535c4c8926124,0x81da073364856f4fcc1ff519306db77dccb1f339406c08c414dee11f45ebba28,Nuggets vs. Kings,Nuggets,BUY,6.0,0.77,0.0,1.0,Exceeds allocated capital for trader,,,,7,24.30,133,0,0
2025-11-11T19:47:07.098413+00:00,rejected,0x02e65d10e83eb391ca0c466630f82790854e25,0x83b9f9e2d28ab875b9c9f73cdd5535c4c8926124,0x2700c8cc1b14280f4144a511f8bae2b1482fbe2742304a9dea7b079d0c38546b,Bulls vs. Pistons,Pistons,BUY,11.0,0.69,0.0,1.0,Exceeds allocated capital for trader,,,,7,24.30,134,0,0
2025-11-11T19:47:07.098533+00:00,rejected,0x02e65d10e83eb391ca0c466630f82790854e25,0x83b9f9e2d28ab875b9c9f73cdd5535c4c8926124,0x81da073364856f4fcc1ff519306db77dccb1f339406c08c414dee11f45ebba28,Nuggets vs. Kings,Nuggets,BUY,100.0,0.77,0.0,1.0,Exceeds allocated capital for trader,,,,7,24.30,135,0,0
2025-11-11T19:47:07.098693+00:00,rejected,0x02e65d10e83eb391ca0c466630f82790854e25,0x83b9f9e2d28ab875b9c9f73cdd5535c4c8926124,0xf34cc15f5915da3e0479b78cfc7a15d3f1e8ada21087f75540ba1182f8c492fb,Lakers vs. Thunder,Lakers,BUY,10.0,0.36,0.0,1.0,Exceeds allocated capital for trader,,,,7,24.30,136,0,0
2025-11-11T19:47:07.098834+00:00,rejected,0x02e65d10e83eb391ca0c466630f82790854e25,0x83b9f9e2d28ab875b9c9f73cdd5535c4c8926124,0xb4f6d40e90de789771f492e2b79066b58f634bbe0cf4a5e91878891bdeeb4c0a,Kentucky Wildcats vs. Louisville Cardinals,Kentucky Wildcats,BUY,3.11,0.32,0.0,1.0,Exceeds allocated capital for trader,,,,7,24.30,137,0,0
2025-11-11T19:47:07.429948+00:00,executed,kch123,0x6a72f61820b26b1fe4d956e17b6dc2a1ea3033ee,0x19dfb0607b595377ab846ed6b83f3cbabdda3904a7fae51b484fc4a25f7f98ce,Capitals vs. Hurricanes,Capitals,BUY,8.333332,0.40000002400000384,5.0,2.0000001200000193,0.00% of trader portfolio; deployment 100.0% (floored to $1 min); raised to market min 5.0000 shares,live,0x3ddfd7f66d0717d9a6e6933b0d104ee2a01d3f08f591800551eed06bfe9a99ec,raised to market min 5.0000 shares,5,10.60,0,0,0
2025-11-11T19:47:07.767950+00:00,executed,kch123,0x6a72f61820b26b1fe4d956e17b6dc2a1ea3033ee,0x19dfb0607b595377ab846ed6b83f3cbabdda3904a7fae51b484fc4a25f7f98ce,Capitals vs. Hurricanes,Capitals,BUY,8.333332,0.40000002400000384,5.0,2.0000001200000193,0.00% of trader portfolio; deployment 100.0% (floored to $1 min); raised to market min 5.0000 shares,live,0xb4361842e24164edd528c02b7cc8fc1a73dca877ae425bf55e002f137d9cbb01,raised to market min 5.0000 shares,6,12.60,0,0,0
2025-11-11T19:47:09.179264+00:00,executed,kch123,0x6a72f61820b26b1fe4d956e17b6dc2a1ea3033ee,0x6a06b38eb4eb773501d96275d6e21c9721f0ace15f0a3f0ab63a5699ec0e0eb7,Sharks vs. Wild,Sharks,BUY,7.692305,0.3500000325000114,5.0,1.750000162500057,0.00% of trader portfolio; deployment 100.0% (floored to $1 min); raised to market min 5.0000 shares,live,0xf835a3266c43d00011df8b4da36e2a374a37e6c64a4fa6179c0283f5c692b9f2,raised to market min 5.0000 shares,7,14.35,0,0,0
2025-11-11T19:47:09.486031+00:00,executed,kch123,0x6a72f61820b26b1fe4d956e17b6dc2a1ea3033ee,0x6a06b38eb4eb773501d96275d6e21c9721f0ace15f0a3f0ab63a5699ec0e0eb7,Sharks vs. Wild,Sharks,BUY,7.692305,0.3500000325000114,5.0,1.750000162500057,0.00% of trader portfolio; deployment 100.0% (floored to $1 min); raised to market min 5.0000 shares,live,0xbe062509565b80beaa48b720cd6bf99560f0cfa08e16fea61ed52e880e7e9e7d,raised to market min 5.0000 shares,8,16.10,0,0,0
2025-11-11T19:47:09.783624+00:00,executed,kch123,0x6a72f61820b26b1fe4d956e17b6dc2a1ea3033ee,0x19dfb0607b595377ab846ed6b83f3cbabdda3904a7fae51b484fc4a25f7f98ce,Capitals vs. Hurricanes,Capitals,BUY,33.333332,0.40000000600000024,5.0,2.000000030000001,0.01% of trader portfolio; deployment 100.0% (floored to $1 min); raised to market min 5.0000 shares,live,0xf6a70a23a70f3d615a5e5b5e441155180057e6420881f944c78278a5cf109c8c,raised to market min 5.0000 shares,9,18.10,0,0,0
2025-11-11T19:47:10.270397+00:00,executed,kch123,0x6a72f61820b26b1fe4d956e17b6dc2a1ea3033ee,0x19dfb0607b595377ab846ed6b83f3cbabdda3904a7fae51b484fc4a25f7f98ce,Capitals vs. Hurricanes,Capitals,BUY,8.333332,0.40000002400000384,5.0,2.0000001200000193,0.00% of trader portfolio; deployment 100.0% (floored to $1 min); raised to market min 5.0000 shares,live,0x4f3d5292e3497b7b3fb4ee444fa858719a66ba58e4498a71a0f8a22c156216d9,raised to market min 5.0000 shares,10,20.10,0,0,0
2025-11-11T19:47:10.565512+00:00,executed,kch123,0x6a72f61820b26b1fe4d956e17b6dc2a1ea3033ee,0x6a06b38eb4eb773501d96275d6e21c9721f0ace15f0a3f0ab63a5699ec0e0eb7,Sharks vs. Wild,Sharks,BUY,38.461537,0.35000000130000003,5.0,1.7500000065,0.01% of trader portfolio; deployment 100.0% (floored to $1 min); raised to market min 5.0000 shares,live,0x9a58134763e5926d4867dfb8cb7e9172c2a8f96009cafd89809645f1344e0fc6,raised to market min 5.0000 shares,11,21.85,0,0,0
2025-11-11T19:47:10.858006+00:00,executed,kch123,0x6a72f61820b26b1fe4d956e17b6dc2a1ea3033ee,0x19dfb0607b595377ab846ed6b83f3cbabdda3904a7fae51b484fc4a25f7f98ce,Capitals vs. Hurricanes,Capitals,BUY,400.0,0.4,5.0,2.0,0.08% of trader portfolio; deployment 100.0% (floored to $1 min); raised to market min 5.0000 shares,live,0x0d26cbdf02b4a08304b149d60b19ffdda423961dc0494c573e133ba414f0917a,raised to market min 5.0000 shares,12,23.85,0,0,0
2025-11-11T19:49:39.588919+00:00,rejected,0x02e65d10e83eb391ca0c466630f82790854e25,0x83b9f9e2d28ab875b9c9f73cdd5535c4c8926124,0x1fa0a429c2183b5423564b1c6294214ba01be7ffd6344d2fd3500f0e98e58481,Hawks vs. Kings,Kings,BUY,5.0,0.43,0.0,1.0,Exceeds allocated capital for trader,,,,7,24.30,138,0,0
2025-11-11T19:59:53.393551+00:00,executed,Hans323,0x0f37cb80dee49d55b5f6d9e595d52591d6371410,0x2c85e5995b6d68298c9d02da80655bbf96e9439c8a98ffef3c754a03e4ace345,Will the highest temperature in New York City be between 40-41°F on November 11?,Yes,BUY,60.42,0.6861221449851043,6.073380456069876,4.167080825829275,16.67% of trader portfolio; deployment 100.0%,matched,0xe972f18ac16ef22fc6c08ef928f4d9c8f6960fcfd8069ebe27d782dd489ad235,,2,5.17,0,0,0
2025-11-11T19:59:53.395502+00:00,rejected,0x02e65d10e83eb391ca0c466630f82790854e25,0x83b9f9e2d28ab875b9c9f73cdd5535c4c8926124,0x5134b6d066fcae04afa8fdd2aa01b585abf126872feed5b6d3edaed8aed31845,Maple Leafs vs. Bruins,Bruins,BUY,4.0,0.44,0.0,1.0,Exceeds allocated capital for trader,,,,7,24.30,139,0,0
2025-11-11T19:59:53.396433+00:00,rejected,0x02e65d10e83eb391ca0c466630f82790854e25,0x83b9f9e2d28ab875b9c9f73cdd5535c4c8926124,0xc5c767b083aefcbb505f9168ecd1c1fea370a37e5f7f0f5d78f2a6954fee9a4e,Grizzlies vs. Knicks,Knicks,BUY,2.0,0.8,0.0,1.0,Exceeds allocated capital for trader,,,,7,24.30,140,0,0
2025-11-11T19:59:53.396800+00:00,rejected,0x02e65d10e83eb391ca0c466630f82790854e25,0x83b9f9e2d28ab875b9c9f73cdd5535c4c8926124,0xaae0b4f783ecd7964f876882fe5d449e07c05a54d04c0d73631e09f307b1154b,Trail Blazers vs. Pelicans,Pelicans,BUY,10.0,0.29,0.0,1.0,Exceeds allocated capital for trader,,,,7,24.30,141,0,0
2025-11-11T19:59:53.397129+00:00,rejected,0x02e65d10e83eb391ca0c466630f82790854e25,0x83b9f9e2d28ab875b9c9f73cdd5535c4c8926124,0xfdf69fc8b37c9fbba86993827686fab560b7d342bd0cd69c2c8dc5bb290a531e,Florida International Golden Panthers vs. LSU Tigers,LSU Tigers,BUY,5.0,0.86,0.0,1.0,Exceeds allocated capital for trader,,,,7,24.30,142,0,0
2025-11-11T19:59:53.397549+00:00,rejected,0x02e65d10e83eb391ca0c466630f82790854e25,0x83b9f9e2d28ab875b9c9f73cdd5535c4c8926124,0xc5c767b083aefcbb505f9168ecd1c1fea370a37e5f7f0f5d78f2a6954fee9a4e,Grizzlies vs. Knicks,Knicks,BUY,100.0,0.8,0.0,1.0,Exceeds allocated capital for trader,,,,7,24.30,143,0,0
2025-11-11T19:59:53.397835+00:00,rejected,0x02e65d10e83eb391ca0c466630f82790854e25,0x83b9f9e2d28ab875b9c9f73cdd5535c4c8926124,0x81da073364856f4fcc1ff519306db77dccb1f339406c08c414dee11f45ebba28,Nuggets vs. Kings,Nuggets,BUY,78.0,0.77,0.0,1.0,Exceeds allocated capital for trader,,,,7,24.30,144,0,0
2025-11-11T19:59:53.398053+00:00,rejected,0x02e65d10e83eb391ca0c466630f82790854e25,0x83b9f9e2d28ab875b9c9f73cdd5535c4c8926124,0xc5c767b083aefcbb505f9168ecd1c1fea370a37e5f7f0f5d78f2a6954fee9a4e,Grizzlies vs. Knicks,Knicks,BUY,2.0,0.8,0.0,1.0,Exceeds allocated capital for trader,,,,7,24.30,145,0,0
2025-11-11T19:59:53.398402+00:00,rejected,0x02e65d10e83eb391ca0c466630f82790854e25,0x83b9f9e2d28ab875b9c9f73cdd5535c4c8926124,0x6c3263def96926aef638d96263b61936b08519de4bc0d50e9f1c71510a5a9869,Suns vs. Mavericks,Mavericks,BUY,7.0,0.48,0.0,1.0,Exceeds allocated capital for trader,,,,7,24.30,146,0,0
2025-11-11T19:59:53.398955+00:00,rejected,0x02e65d10e83eb391ca0c466630f82790854e25,0x83b9f9e2d28ab875b9c9f73cdd5535c4c8926124,0xc5c767b083aefcbb505f9168ecd1c1fea370a37e5f7f0f5d78f2a6954fee9a4e,Grizzlies vs. Knicks,Knicks,BUY,48.0,0.8,0.0,1.0,Exceeds allocated capital for trader,,,,7,24.30,147,0,0
2025-11-11T19:59:53.399222+00:00,rejected,0x02e65d10e83eb391ca0c466630f82790854e25,0x83b9f9e2d28ab875b9c9f73cdd5535c4c8926124,0x1fa0a429c2183b5423564b1c6294214ba01be7ffd6344d2fd3500f0e98e58481,Hawks vs. Kings,Hawks,BUY,26.0,0.59,0.0,1.0,Exceeds allocated capital for trader,,,,7,24.30,148,0,0
2025-11-11T19:59:53.399409+00:00,rejected,0x02e65d10e83eb391ca0c466630f82790854e25,0x83b9f9e2d28ab875b9c9f73cdd5535c4c8926124,0x345b689321562b66c9a2ba4cf19976a3a310e6f558aa26c5a31d25834c261915,Will France win on 2025-11-13?,Yes,BUY,1702.0,0.83,0.0,1.0,Exceeds allocated capital for trader,,,,7,24.30,149,0,0
2025-11-11T19:59:53.399579+00:00,rejected,0x02e65d10e83eb391ca0c466630f82790854e25,0x83b9f9e2d28ab875b9c9f73cdd5535c4c8926124,0xfdf69fc8b37c9fbba86993827686fab560b7d342bd0cd69c2c8dc5bb290a531e,Florida International Golden Panthers vs. LSU Tigers,LSU Tigers,BUY,19.0,0.86,0.0,1.0,Exceeds allocated capital for trader,,,,7,24.30,150,0,0
2025-11-11T19:59:53.399781+00:00,rejected,0x02e65d10e83eb391ca0c466630f82790854e25,0x83b9f9e2d28ab875b9c9f73cdd5535c4c8926124,0xc5c767b083aefcbb505f9168ecd1c1fea370a37e5f7f0f5d78f2a6954fee9a4e,Grizzlies vs. Knicks,Knicks,BUY,59.0,0.8,0.0,1.0,Exceeds allocated capital for trader,,,,7,24.30,151,0,0
2025-11-11T19:59:53.400000+00:00,rejected,0x02e65d10e83eb391ca0c466630f82790854e25,0x83b9f9e2d28ab875b9c9f73cdd5535c4c8926124,0xc66ab4ea9b3838ceb5c43ed86b49243a9ae2e846331a876a164ebea249187f20,Will England win on 2025-11-13?,Yes,BUY,908.0,0.77,0.0,1.0,Exceeds allocated capital for trader,,,,7,24.30,152,0,0
2025-11-11T19:59:53.400576+00:00,rejected,0x02e65d10e83eb391ca0c466630f82790854e25,0x83b9f9e2d28ab875b9c9f73cdd5535c4c8926124,0xfdf69fc8b37c9fbba86993827686fab560b7d342bd0cd69c2c8dc5bb290a531e,Florida International Golden Panthers vs. LSU Tigers,LSU Tigers,BUY,1.0,0.86,0.0,1.0,Exceeds allocated capital for trader,,,,7,24.30,153,0,0
2025-11-11T19:59:53.401108+00:00,rejected,0x02e65d10e83eb391ca0c466630f82790854e25,0x83b9f9e2d28ab875b9c9f73cdd5535c4c8926124,0x81da073364856f4fcc1ff519306db77dccb1f339406c08c414dee11f45ebba28,Nuggets vs. Kings,Nuggets,BUY,53.0,0.77,0.0,1.0,Exceeds allocated capital for trader,,,,7,24.30,154,0,0
2025-11-11T19:59:53.401420+00:00,rejected,0x02e65d10e83eb391ca0c466630f82790854e25,0x83b9f9e2d28ab875b9c9f73cdd5535c4c8926124,0x345b689321562b66c9a2ba4cf19976a3a310e6f558aa26c5a31d25834c261915,Will France win on 2025-11-13?,Yes,BUY,28.0,0.83,0.0,1.0,Exceeds allocated capital for trader,,,,7,24.30,155,0,0
2025-11-11T19:59:53.401705+00:00,rejected,0x02e65d10e83eb391ca0c466630f82790854e25,0x83b9f9e2d28ab875b9c9f73cdd5535c4c8926124,0xc5c767b083aefcbb505f9168ecd1c1fea370a37e5f7f0f5d78f2a6954fee9a4e,Grizzlies vs. Knicks,Knicks,BUY,12.0,0.8,0.0,1.0,Exceeds allocated capital for trader,,,,7,24.30,156,0,0
2025-11-11T19:59:53.401906+00:00,rejected,0x02e65d10e83eb391ca0c466630f82790854e25,0x83b9f9e2d28ab875b9c9f73cdd5535c4c8926124,0x8fd69e8d542eecac04511f0307ae0ccdc875516cec19d678e141d8167a7c85a6,Navy Midshipmen vs. Penn State Nittany Lions: O/U 154.5,Over,BUY,18.0,0.5,0.0,1.0,Exceeds allocated capital for trader,,,,7,24.30,157,0,0
2025-11-11T19:59:53.402092+00:00,rejected,0x02e65d10e83eb391ca0c466630f82790854e25,0x83b9f9e2d28ab875b9c9f73cdd5535c4c8926124,0xc5c767b083aefcbb505f9168ecd1c1fea370a37e5f7f0f5d78f2a6954fee9a4e,Grizzlies vs. Knicks,Knicks,BUY,20.0,0.8,0.0,1.0,Exceeds allocated capital for trader,,,,7,24.30,158,0,0
2025-11-11T19:59:53.402277+00:00,rejected,0x02e65d10e83eb391ca0c466630f82790854e25,0x83b9f9e2d28ab875b9c9f73cdd5535c4c8926124,0xc5c767b083aefcbb505f9168ecd1c1fea370a37e5f7f0f5d78f2a6954fee9a4e,Grizzlies vs. Knicks,Knicks,BUY,30.0,0.8,0.0,1.0,Exceeds allocated capital for trader,,,,7,24.30,159,0,0
2025-11-11T19:59:53.402458+00:00,rejected,0x02e65d10e83eb391ca0c466630f82790854e25,0x83b9f9e2d28ab875b9c9f73cdd5535c4c8926124,0x2700c8cc1b14280f4144a511f8bae2b1482fbe2742304a9dea7b079d0c38546b,Bulls vs. Pistons,Bulls,BUY,10.0,0.36,0.0,1.0,Exceeds allocated capital for trader,,,,7,24.30,160,0,0
2025-11-11T19:59:53.402692+00:00,rejected,0x02e65d10e83eb391ca0c466630f82790854e25,0x83b9f9e2d28ab875b9c9f73cdd5535c4c8926124,0x5134b6d066fcae04afa8fdd2aa01b585abf126872feed5b6d3edaed8aed31845,Maple Leafs vs. Bruins,Bruins,BUY,11.0,0.44,0.0,1.0,Exceeds allocated capital for trader,,,,7,24.30,161,0,0
2025-11-11T19:59:53.403025+00:00,rejected,0x02e65d10e83eb391ca0c466630f82790854e25,0x83b9f9e2d28ab875b9c9f73cdd5535c4c8926124,0x8bfe8c888ded2970b704a2602f7c4150a0ef73e983feb81de6ca960605d3d692,Will England vs. Serbia end in a draw?,Yes,BUY,456.0,0.18,0.0,1.0,Exceeds allocated capital for trader,,,,7,24.30,162,0,0
2025-11-11T19:59:53.403291+00:00,rejected,0x02e65d10e83eb391ca0c466630f82790854e25,0x83b9f9e2d28ab875b9c9f73cdd5535c4c8926124,0x8bfe8c888ded2970b704a2602f7c4150a0ef73e983feb81de6ca960605d3d692,Will England vs. Serbia end in a draw?,Yes,BUY,7.0,0.18,0.0,1.0,Exceeds allocated capital for trader,,,,7,24.30,163,0,0
2025-11-11T19:59:53.403460+00:00,rejected,0x02e65d10e83eb391ca0c466630f82790854e25,0x83b9f9e2d28ab875b9c9f73cdd5535c4c8926124,0x8bfe8c888ded2970b704a2602f7c4150a0ef73e983feb81de6ca960605d3d692,Will England vs. Serbia end in a draw?,Yes,BUY,30.0,0.18089333333333332,0.0,1.0,Exceeds allocated capital for trader,,,,7,24.30,164,0,0
2025-11-11T19:59:53.403651+00:00,rejected,0x02e65d10e83eb391ca0c466630f82790854e25,0x83b9f9e2d28ab875b9c9f73cdd5535c4c8926124,0xc66ab4ea9b3838ceb5c43ed86b49243a9ae2e846331a876a164ebea249187f20,Will England win on 2025-11-13?,Yes,BUY,1085.0,0.77,0.0,1.0,Exceeds allocated capital for trader,,,,7,24.30,165,0,0
2025-11-11T19:59:53.403832+00:00,rejected,0x02e65d10e83eb391ca0c466630f82790854e25,0x83b9f9e2d28ab875b9c9f73cdd5535c4c8926124,0xc66ab4ea9b3838ceb5c43ed86b49243a9ae2e846331a876a164ebea249187f20,Will England win on 2025-11-13?,Yes,BUY,5.0,0.76,0.0,1.0,Exceeds allocated capital for trader,,,,7,24.30,166,0,0
2025-11-11T19:59:53.404009+00:00,rejected,0x02e65d10e83eb391ca0c466630f82790854e25,0x83b9f9e2d28ab875b9c9f73cdd5535c4c8926124,0xc66ab4ea9b3838ceb5c43ed86b49243a9ae2e846331a876a164ebea249187f20,Will England win on 2025-11-13?,Yes,BUY,1080.0,0.77,0.0,1.0,Exceeds allocated capital for trader,,,,7,24.30,167,0,0
2025-11-11T19:59:53.404134+00:00,rejected,0x02e65d10e83eb391ca0c466630f82790854e25,0x83b9f9e2d28ab875b9c9f73cdd5535c4c8926124,0x5134b6d066fcae04afa8fdd2aa01b585abf126872feed5b6d3edaed8aed31845,Maple Leafs vs. Bruins,Bruins,BUY,56.0,0.44,0.0,1.0,Exceeds allocated capital for trader,,,,7,24.30,168,0,0
2025-11-11T19:59:53.404272+00:00,rejected,0x02e65d10e83eb391ca0c466630f82790854e25,0x83b9f9e2d28ab875b9c9f73cdd5535c4c8926124,0xc5c767b083aefcbb505f9168ecd1c1fea370a37e5f7f0f5d78f2a6954fee9a4e,Grizzlies vs. Knicks,Knicks,BUY,180.0,0.8,0.0,1.0,Exceeds allocated capital for trader,,,,7,24.30,169,0,0
2025-11-11T19:59:53.404465+00:00,rejected,0x02e65d10e83eb391ca0c466630f82790854e25,0x83b9f9e2d28ab875b9c9f73cdd5535c4c8926124,0xc5c767b083aefcbb505f9168ecd1c1fea370a37e5f7f0f5d78f2a6954fee9a4e,Grizzlies vs. Knicks,Knicks,BUY,18.0,0.8,0.0,1.0,Exceeds allocated capital for trader,,,,7,24.30,170,0,0
2025-11-11T19:59:53.404653+00:00,rejected,0x02e65d10e83eb391ca0c466630f82790854e25,0x83b9f9e2d28ab875b9c9f73cdd5535c4c8926124,0x8bfe8c888ded2970b704a2602f7c4150a0ef73e983feb81de6ca960605d3d692,Will England vs. Serbia end in a draw?,Yes,BUY,419.0,0.19,0.0,1.0,Exceeds allocated capital for trader,,,,7,24.30,171,0,0
2025-11-11T19:59:53.404837+00:00,rejected,0x02e65d10e83eb391ca0c466630f82790854e25,0x83b9f9e2d28ab875b9c9f73cdd5535c4c8926124,0x8bfe8c888ded2970b704a2602f7c4150a0ef73e983feb81de6ca960605d3d692,Will England vs. Serbia end in a draw?,Yes,BUY,7.0,0.18,0.0,1.0,Exceeds allocated capital for trader,,,,7,24.30,172,0,0
2025-11-11T19:59:53.405017+00:00,rejected,0x02e65d10e83eb391ca0c466630f82790854e25,0x83b9f9e2d28ab875b9c9f73cdd5535c4c8926124,0x8bfe8c888ded2970b704a2602f7c4150a0ef73e983feb81de6ca960605d3d692,Will England vs. Serbia end in a draw?,Yes,BUY,237.0,0.19,0.0,1.0,Exceeds allocated capital for trader,,,,7,24.30,173,0,0
2025-11-11T19:59:53.405197+00:00,rejected,0x02e65d10e83eb391ca0c466630f82790854e25,0x83b9f9e2d28ab875b9c9f73cdd5535c4c8926124,0xc66ab4ea9b3838ceb5c43ed86b49243a9ae2e846331a876a164ebea249187f20,Will England win on 2025-11-13?,Yes,BUY,1085.0,0.77,0.0,1.0,Exceeds allocated capital for trader,,,,7,24.30,174,0,0
2025-11-11T19:59:53.405353+00:00,rejected,0x02e65d10e83eb391ca0c466630f82790854e25,0x83b9f9e2d28ab875b9c9f73cdd5535c4c8926124,0x5134b6d066fcae04afa8fdd2aa01b585abf126872feed5b6d3edaed8aed31845,Maple Leafs vs. Bruins,Bruins,BUY,200.0,0.44,0.0,1.0,Exceeds allocated capital for trader,,,,7,24.30,175,0,0
2025-11-11T19:59:53.405496+00:00,rejected,0x02e65d10e83eb391ca0c466630f82790854e25,0x83b9f9e2d28ab875b9c9f73cdd5535c4c8926124,0x2700c8cc1b14280f4144a511f8bae2b1482fbe2742304a9dea7b079d0c38546b,Bulls vs. Pistons,Bulls,BUY,9.0,0.35,0.0,1.0,Exceeds allocated capital for trader,,,,7,24.30,176,0,0
2025-11-11T19:59:53.405639+00:00,rejected,0x02e65d10e83eb391ca0c466630f82790854e25,0x83b9f9e2d28ab875b9c9f73cdd5535c4c8926124,0xc5c767b083aefcbb505f9168ecd1c1fea370a37e5f7f0f5d78f2a6954fee9a4e,Grizzlies vs. Knicks,Knicks,BUY,25.0,0.8,0.0,1.0,Exceeds allocated capital for trader,,,,7,24.30,177,0,0
2025-11-11T19:59:53.405824+00:00,rejected,0x02e65d10e83eb391ca0c466630f82790854e25,0x83b9f9e2d28ab875b9c9f73cdd5535c4c8926124,0x568ea3fa9a8ddfd810c4751faf5f0b169b8601a9e4536dedfb4479f7729a6a43,Toledo vs. Miami (OH),Toledo,BUY,5.0,0.64,0.0,1.0,Exceeds allocated capital for trader,,,,7,24.30,178,0,0
2025-11-11T19:59:53.406015+00:00,rejected,0x02e65d10e83eb391ca0c466630f82790854e25,0x83b9f9e2d28ab875b9c9f73cdd5535c4c8926124,0x8bfe8c888ded2970b704a2602f7c4150a0ef73e983feb81de6ca960605d3d692,Will England vs. Serbia end in a draw?,Yes,BUY,700.0,0.19,0.0,1.0,Exceeds allocated capital for trader,,,,7,24.30,179,0,0
2025-11-11T19:59:53.406169+00:00,rejected,0x02e65d10e83eb391ca0c466630f82790854e25,0x83b9f9e2d28ab875b9c9f73cdd5535c4c8926124,0xc5c767b083aefcbb505f9168ecd1c1fea370a37e5f7f0f5d78f2a6954fee9a4e,Grizzlies vs. Knicks,Knicks,BUY,2.0,0.8,0.0,1.0,Exceeds allocated capital for trader,,,,7,24.30,180,0,0
2025-11-11T19:59:53.406311+00:00,rejected,0x02e65d10e83eb391ca0c466630f82790854e25,0x83b9f9e2d28ab875b9c9f73cdd5535c4c8926124,0xc66ab4ea9b3838ceb5c43ed86b49243a9ae2e846331a876a164ebea249187f20,Will England win on 2025-11-13?,Yes,BUY,1070.0,0.77,0.0,1.0,Exceeds allocated capital for trader,,,,7,24.30,181,0,0
2025-11-11T19:59:53.406495+00:00,rejected,0x02e65d10e83eb391ca0c466630f82790854e25,0x83b9f9e2d28ab875b9c9f73cdd5535c4c8926124,0xc66ab4ea9b3838ceb5c43ed86b49243a9ae2e846331a876a164ebea249187f20,Will England win on 2025-11-13?,Yes,BUY,5.0,0.76,0.0,1.0,Exceeds allocated capital for trader,,,,7,24.30,182,0,0
2025-11-11T19:59:53.406672+00:00,rejected,0x02e65d10e83eb391ca0c466630f82790854e25,0x83b9f9e2d28ab875b9c9f73cdd5535c4c8926124,0x8bfe8c888ded2970b704a2602f7c4150a0ef73e983feb81de6ca960605d3d692,Will England vs. Serbia end in a draw?,Yes,BUY,694.0,0.19,0.0,1.0,Exceeds allocated capital for trader,,,,7,24.30,183,0,0
2025-11-11T19:59:53.406867+00:00,rejected,0x02e65d10e83eb391ca0c466630f82790854e25,0x83b9f9e2d28ab875b9c9f73cdd5535c4c8926124,0x8bfe8c888ded2970b704a2602f7c4150a0ef73e983feb81de6ca960605d3d692,Will England vs. Serbia end in a draw?,Yes,BUY,7.0,0.18,0.0,1.0,Exceeds allocated capital for trader,,,,7,24.30,184,0,0
2025-11-11T19:59:53.407038+00:00,rejected,0x02e65d10e83eb391ca0c466630f82790854e25,0x83b9f9e2d28ab875b9c9f73cdd5535c4c8926124,0x5134b6d066fcae04afa8fdd2aa01b585abf126872feed5b6d3edaed8aed31845,Maple Leafs vs. Bruins,Bruins,BUY,22.0,0.44,0.0,1.0,Exceeds allocated capital for trader,,,,7,24.30,185,0,0
2025-11-11T19:59:53.407204+00:00,rejected,0x02e65d10e83eb391ca0c466630f82790854e25,0x83b9f9e2d28ab875b9c9f73cdd5535c4c8926124,0xc5c767b083aefcbb505f9168ecd1c1fea370a37e5f7f0f5d78f2a6954fee9a4e,Grizzlies vs. Knicks,Knicks,BUY,24.0,0.8,0.0,1.0,Exceeds allocated capital for trader,,,,7,24.30,186,0,0
2025-11-11T19:59:53.407694+00:00,rejected,0x02e65d10e83eb391ca0c466630f82790854e25,0x83b9f9e2d28ab875b9c9f73cdd5535c4c8926124,0x8bfe8c888ded2970b704a2602f7c4150a0ef73e983feb81de6ca960605d3d692,Will England vs. Serbia end in a draw?,Yes,BUY,207.0,0.19,0.0,1.0,Exceeds allocated capital for trader,,,,7,24.30,187,0,0
2025-11-11T19:59:53.407890+00:00,rejected,0x02e65d10e83eb391ca0c466630f82790854e25,0x83b9f9e2d28ab875b9c9f73cdd5535c4c8926124,0x8bfe8c888ded2970b704a2602f7c4150a0ef73e983feb81de6ca960605d3d692,Will England vs. Serbia end in a draw?,Yes,BUY,80.0,0.19,0.0,1.0,Exceeds allocated capital for trader,,,,7,24.30,188,0,0
2025-11-11T19:59:53.408070+00:00,rejected,0x02e65d10e83eb391ca0c466630f82790854e25,0x83b9f9e2d28ab875b9c9f73cdd5535c4c8926124,0x8bfe8c888ded2970b704a2602f7c4150a0ef73e983feb81de6ca960605d3d692,Will England vs. Serbia end in a draw?,Yes,BUY,49.0,0.19,0.0,1.0,Exceeds allocated capital for trader,,,,7,24.30,189,0,0
2025-11-11T19:59:53.408202+00:00,rejected,0x02e65d10e83eb391ca0c466630f82790854e25,0x83b9f9e2d28ab875b9c9f73cdd5535c4c8926124,0x8bfe8c888ded2970b704a2602f7c4150a0ef73e983feb81de6ca960605d3d692,Will England vs. Serbia end in a draw?,Yes,BUY,49.0,0.19,0.0,1.0,Exceeds allocated capital for trader,,,,7,24.30,190,0,0
2025-11-11T19:59:53.408322+00:00,rejected,0x02e65d10e83eb391ca0c466630f82790854e25,0x83b9f9e2d28ab875b9c9f73cdd5535c4c8926124,0x8bfe8c888ded2970b704a2602f7c4150a0ef73e983feb81de6ca960605d3d692,Will England vs. Serbia end in a draw?,Yes,BUY,290.0,0.19900482758620688,0.0,1.0,Exceeds allocated capital for trader,,,,7,24.30,191,0,0
2025-11-11T19:59:53.408468+00:00,rejected,0x02e65d10e83eb391ca0c466630f82790854e25,0x83b9f9e2d28ab875b9c9f73cdd5535c4c8926124,0x8bfe8c888ded2970b704a2602f7c4150a0ef73e983feb81de6ca960605d3d692,Will England vs. Serbia end in a draw?,Yes,BUY,7.0,0.19,0.0,1.0,Exceeds allocated capital for trader,,,,7,24.30,192,0,0
2025-11-11T19:59:53.408626+00:00,rejected,0x02e65d10e83eb391ca0c466630f82790854e25,0x83b9f9e2d28ab875b9c9f73cdd5535c4c8926124,0x8bfe8c888ded2970b704a2602f7c4150a0ef73e983feb81de6ca960605d3d692,Will England vs. Serbia end in a draw?,Yes,BUY,661.0,0.19,0.0,1.0,Exceeds allocated capital for trader,,,,7,24.30,193,0,0
2025-11-11T19:59:53.408790+00:00,rejected,0x02e65d10e83eb391ca0c466630f82790854e25,0x83b9f9e2d28ab875b9c9f73cdd5535c4c8926124,0x8bfe8c888ded2970b704a2602f7c4150a0ef73e983feb81de6ca960605d3d692,Will England vs. Serbia end in a draw?,Yes,BUY,7.0,0.19,0.0,1.0,Exceeds allocated capital for trader,,,,7,24.30,194,0,0
2025-11-11T19:59:53.408960+00:00,rejected,0x02e65d10e83eb391ca0c466630f82790854e25,0x83b9f9e2d28ab875b9c9f73cdd5535c4c8926124,0x8bfe8c888ded2970b704a2602f7c4150a0ef73e983feb81de6ca960605d3d692,Will England vs. Serbia end in a draw?,Yes,BUY,308.0,0.19,0.0,1.0,Exceeds allocated capital for trader,,,,7,24.30,195,0,0
2025-11-11T19:59:53.409125+00:00,rejected,0x02e65d10e83eb391ca0c466630f82790854e25,0x83b9f9e2d28ab875b9c9f73cdd5535c4c8926124,0x8bfe8c888ded2970b704a2602f7c4150a0ef73e983feb81de6ca960605d3d692,Will England vs. Serbia end in a draw?,Yes,BUY,385.0,0.19937662337662337,0.0,1.0,Exceeds allocated capital for trader,,,,7,24.30,196,0,0
2025-11-11T19:59:53.409291+00:00,rejected,0x02e65d10e83eb391ca0c466630f82790854e25,0x83b9f9e2d28ab875b9c9f73cdd5535c4c8926124,0x8bfe8c888ded2970b704a2602f7c4150a0ef73e983feb81de6ca960605d3d692,Will England vs. Serbia end in a draw?,Yes,BUY,7.0,0.18,0.0,1.0,Exceeds allocated capital for trader,,,,7,24.30,197,0,0
2025-11-11T19:59:53.409418+00:00,rejected,0x02e65d10e83eb391ca0c466630f82790854e25,0x83b9f9e2d28ab875b9c9f73cdd5535c4c8926124,0x8bfe8c888ded2970b704a2602f7c4150a0ef73e983feb81de6ca960605d3d692,Will England vs. Serbia end in a draw?,Yes,BUY,694.0,0.19,0.0,1.0,Exceeds allocated capital for trader,,,,7,24.30,198,0,0
2025-11-11T19:59:53.702081+00:00,executed,kch123,0x6a72f61820b26b1fe4d956e17b6dc2a1ea3033ee,0x19dfb0607b595377ab846ed6b83f3cbabdda3904a7fae51b484fc4a25f7f98ce,Capitals vs. Hurricanes,Capitals,BUY,1.666665,0.4,5.0,2.0,0.00% of trader portfolio; deployment 100.0% (floored to $1 min); raised to market min 5.0000 shares,live,0x2bad802504cbc8a8f88f18dea8beb2641486aa1ebe73a2e9d1bbcd2538e11d30,raised to market min 5.0000 shares,13,25.85,0,0,0
2025-11-11T19:59:53.702637+00:00,rejected,kch123,0x6a72f61820b26b1fe4d956e17b6dc2a1ea3033ee,0x19dfb0607b595377ab846ed6b83f3cbabdda3904a7fae51b484fc4a25f7f98ce,Capitals vs. Hurricanes,Capitals,BUY,33.333332,0.40000000600000024,0.0,1.0,Exceeds allocated capital for trader,,,,13,25.85,1,0,0
2025-11-11T19:59:53.702796+00:00,rejected,kch123,0x6a72f61820b26b1fe4d956e17b6dc2a1ea3033ee,0x19dfb0607b595377ab846ed6b83f3cbabdda3904a7fae51b484fc4a25f7f98ce,Capitals vs. Hurricanes,Capitals,BUY,1.666665,0.4,0.0,1.0,Exceeds allocated capital for trader,,,,13,25.85,2,0,0
2025-11-11T19:59:53.702908+00:00,rejected,kch123,0x6a72f61820b26b1fe4d956e17b6dc2a1ea3033ee,0x6a06b38eb4eb773501d96275d6e21c9721f0ace15f0a3f0ab63a5699ec0e0eb7,Sharks vs. Wild,Sharks,BUY,200.0,0.35,0.0,1.0,Exceeds allocated capital for trader,,,,13,25.85,3,0,0
2025-11-11T19:59:53.703145+00:00,rejected,kch123,0x6a72f61820b26b1fe4d956e17b6dc2a1ea3033ee,0x19dfb0607b595377ab846ed6b83f3cbabdda3904a7fae51b484fc4a25f7f98ce,Capitals vs. Hurricanes,Capitals,BUY,1.666665,0.4,0.0,1.0,Exceeds allocated capital for trader,,,,13,25.85,4,0,0
2025-11-11T19:59:59.189307+00:00,rejected,0x02e65d10e83eb391ca0c466630f82790854e25,0x83b9f9e2d28ab875b9c9f73cdd5535c4c8926124,0x23fc10c32677daf5a2ff3bf0c21aada482b180df7ca1afd66525665c95129aff,Celtics vs. 76ers,76ers,BUY,3955.0,0.48,0.0,1.0,Exceeds allocated capital for trader,,,,7,24.30,199,0,0
2025-11-11T20:03:20.089462+00:00,rejected,0x02e65d10e83eb391ca0c466630f82790854e25,0x83b9f9e2d28ab875b9c9f73cdd5535c4c8926124,0x1fa0a429c2183b5423564b1c6294214ba01be7ffd6344d2fd3500f0e98e58481,Hawks vs. Kings,Kings,BUY,9.0,0.4,0.0,1.0,Exceeds allocated capital for trader,,,,7,24.30,200,0,0
2025-11-11T20:07:20.144177+00:00,rejected,0x02e65d10e83eb391ca0c466630f82790854e25,0x83b9f9e2d28ab875b9c9f73cdd5535c4c8926124,0x23fc10c32677daf5a2ff3bf0c21aada482b180df7ca1afd66525665c95129aff,Celtics vs. 76ers,76ers,BUY,132.0,0.47,0.0,1.0,Exceeds allocated capital for trader,,,,7,24.30,201,0,0
2025-11-12T00:21:51.444413+00:00,executed,Hans323,0x0f37cb80dee49d55b5f6d9e595d52591d6371410,0x85fbb47248a901a99201ac5ba7457fb1c1b487c33f784d4f67c3f5864339614e,Will the highest temperature in London be 54°F or below on November 12?,No,BUY,7883.09,0.998,12.2677110569521,12.243175634838195,24.49% of trader portfolio; deployment 100.0%,live,0x32f6ed49fa019a8d10eb8de7ca2ae6fca3815df53664c6d0ad36f240aec01a72,,1,12.24,0,0,0
2025-11-12T09:17:05.703103+00:00,executed,Mayuravarma,0x3657862e57070b82a289b5887ec943a7c2166b14,0x7849d8f545da990d5aecb91d0d44ab7c772772c659a101292a907b7ee68c11b9,Buffalo vs. Central Michigan,Central Michigan,BUY,27.25,0.52,5.0,2.6,0.25% of trader portfolio; deployment 100.0% (floored to $1 min); raised to market min 5.0000 shares,live,0xca7270067ca7d8e4d6e64cbaa0041ae911e1946259ffbd7d3fe785f9aa1fa82c,raised to market min 5.0000 shares,1,2.60,0,0,0
2025-11-12T09:45:31.538342+00:00,executed,Mayuravarma,0x3657862e57070b82a289b5887ec943a7c2166b14,0x7849d8f545da990d5aecb91d0d44ab7c772772c659a101292a907b7ee68c11b9,Buffalo vs. Central Michigan,Central Michigan,BUY,10.416665,0.520000019200003,5.0,2.600000096000015,0.08% of trader portfolio; deployment 100.0% (floored to $1 min); raised to market min 5.0000 shares,live,0x40b647f5a1f02dfd341efaa9d4d648465dbc5a5dc09ee4185da06aa7b858acbd,raised to market min 5.0000 shares,2,5.20,0,0,0
2025-11-12T11:52:48.502671+00:00,failed,Hans323,0x0f37cb80dee49d55b5f6d9e595d52591d6371410,0x71245919977c52d334137315be63a05b1cb4ef42cf6d8b96251519a78111adeb,Will the highest temperature in London be between 61-62°F on November 12?,Yes,SELL,16.2,0.01,100.0,1.0,"PolyApiException[status_code=400, error_message={'error': 'not enough balance / allowance'}]",,,"PolyApiException[status_code=400, error_message={'error': 'not enough balance / allowance'}]",1,12.24,0,1,0
2025-11-12T14:54:39.325664+00:00,executed,Hans323,0x0f37cb80dee49d55b5f6d9e595d52591d6371410,0xecb91fb4221a03d3ca7edd8f55d5d992e5ab12304b45cb28e170bf530af93e9a,Will the highest temperature in New York City be between 45-46°F on November 12?,Yes,BUY,538.0,0.004,250.0,1.0,0.11% of trader portfolio; deployment 100.0% (floored to $1 min),live,0x9e43fe36b2ac7ff30c65e41610b65fee1616d0c22b2a82f847a4661544ddd1a3,,1,1.00,0,0,0
2025-11-12T15:50:14.136653+00:00,executed,Hans323,0x0f37cb80dee49d55b5f6d9e595d52591d6371410,0x30a832de727664bbae3a2b071a9bd4c39f3a6c7d7580218dcf43ebda0ab7c577,Will the highest temperature in New York City be between 47-48°F on November 12?,Yes,BUY,5.0,0.12,8.333333333333334,1.0,0.02% of trader portfolio; deployment 100.0% (floored to $1 min),live,0x8835720c89adc9960d077deb370ffb30e4e5120c0bddd218df9bcb359d1d1fd1,,2,2.00,0,0,0
2025-11-12T18:35:51.876594+00:00,executed,AgricultureSecretary,0x6ffb4354cbe6e0f9989e3b55564ec5fb8646a834,0x55ea83df276992bde17f67a79d99d956bb8a7c82cef3e1af50e47b642b82e59d,Will annual inflation increase by ≤2.8% in October?,Yes,BUY,343.95,0.06458496874545719,15.48347888718826,1.0,0.01% of trader portfolio; deployment 100.0% (floored to $1 min),live,0xb638d0aace7e2a87765af3e198411b1a9db7e7e49a635e473bb631dbad5640fa,,1,1.00,0,0,0
2025-11-12T18:47:48.574522+00:00,executed,Hans323,0x0f37cb80dee49d55b5f6d9e595d52591d6371410,0x30a832de727664bbae3a2b071a9bd4c39f3a6c7d7580218dcf43ebda0ab7c577,Will the highest temperature in New York City be between 47-48°F on November 12?,Yes,SELL,100.0,0.16,6.25,1.0,0.62% of trader portfolio; deployment 100.0% (floored to $1 min),live,0x90c9917948e43a0ca31a03c8d3e5ba02759890b7d246d0d3153df6d25e3b7772,,1,1.00,0,0,0
2025-11-12T19:09:31.804778+00:00,executed,Hans323,0x0f37cb80dee49d55b5f6d9e595d52591d6371410,0xecb91fb4221a03d3ca7edd8f55d5d992e5ab12304b45cb28e170bf530af93e9a,Will the highest temperature in New York City be between 45-46°F on November 12?,No,BUY,538.0,0.999,5.0,4.995,2.87% of trader portfolio; deployment 100.0%; raised to market min 5.0000 shares,live,0x5232c55408621fe5e86a7351dbb6701d00176c4d01b2030b846d13a5b825d9ac,raised to market min 5.0000 shares,2,6.00,0,0,0
2025-11-12T19:22:06.812815+00:00,executed,Hans323,0x0f37cb80dee49d55b5f6d9e595d52591d6371410,0x30a832de727664bbae3a2b071a9bd4c39f3a6c7d7580218dcf43ebda0ab7c577,Will the highest temperature in New York City be between 47-48°F on November 12?,Yes,BUY,28.39,0.146,6.849315068493151,1.0,0.02% of trader portfolio; deployment 100.0% (floored to $1 min),live,0x139721896dca14447d4303bb6b4b7701429541b85c58dff77956fe920188e7e1,,3,7.00,0,0,0
2025-11-12T19:59:03.375564+00:00,executed,Hans323,0x0f37cb80dee49d55b5f6d9e595d52591d6371410,0x240a6904262dee817a61cc60146acacdb7fdbd203e16d56c02b716a9f35e403d,Will the highest temperature in New York City be between 51-52°F on November 12?,Yes,BUY,0.33,0.07,14.285714285714285,1.0,0.00% of trader portfolio; deployment 100.0% (floored to $1 min),live,0x212c418fcff6d82c8492855628c8968ad5233171febe4f4dd0451c83a91973aa,,4,8.00,0,0,0
2025-11-12T20:56:40.694140+00:00,executed,Hans323,0x0f37cb80dee49d55b5f6d9e595d52591d6371410,0x240a6904262dee817a61cc60146acacdb7fdbd203e16d56c02b716a9f35e403d,Will the highest temperature in New York City be between 51-52°F on November 12?,Yes,BUY,5.0,0.07,14.285714285714285,1.0,0.00% of trader portfolio; deployment 100.0% (floored to $1 min),live,0x41feae008287a5fa714ed9f2919491413b63d5f979d4be8b5e006197214dfc60,,5,9.00,0,0,0
2025-11-12T20:56:53.830771+00:00,failed,Hans323,0x0f37cb80dee49d55b5f6d9e595d52591d6371410,0xd59b419b91abaf20f21e4a2ead4ead9c47e1b240e82556362471acab0aba1ad9,Will the highest temperature in New York City be between 49-50°F on November 12?,Yes,SELL,27.56,0.92,1.0869565217391304,1.0,"PolyApiException[status_code=400, error_message={'error': 'not enough balance / allowance'}]",,,"PolyApiException[status_code=400, error_message={'error': 'not enough balance / allowance'}]",5,9.00,0,1,0
2025-11-13T00:04:03.328870+00:00,executed,piastri,0x2f09642639aedd6ced432519c1a86e7d52034632,0x2700c8cc1b14280f4144a511f8bae2b1482fbe2742304a9dea7b079d0c38546b,Bulls vs. Pistons,Bulls,BUY,4.545453,0.560000070400024,5.0,2.80000035200012,0.00% of trader portfolio; deployment 100.0% (floored to $1 min); raised to market min 5.0000 shares,live,0xdb617578265d0c8ba550258a91fe6c2e559f11425ed14794bf584151082d1f6a,raised to market min 5.0000 shares,1,2.80,0,0,0
2025-11-13T00:07:35.622223+00:00,executed,piastri,0x2f09642639aedd6ced432519c1a86e7d52034632,0x2700c8cc1b14280f4144a511f8bae2b1482fbe2742304a9dea7b079d0c38546b,Bulls vs. Pistons,Bulls,BUY,2745.0,0.57,5.0,2.8499999999999996,0.87% of trader portfolio; deployment 100.0% (floored to $1 min); raised to market min 5.0000 shares,delayed,0x8486c77ed5685aeb0f9aa79dd347c26ae9dd5a04476a7c6ebb1243ae89640a78,raised to market min 5.0000 shares,2,5.65,0,0,0
2025-11-13T00:07:35.966298+00:00,executed,piastri,0x2f09642639aedd6ced432519c1a86e7d52034632,0x2700c8cc1b14280f4144a511f8bae2b1482fbe2742304a9dea7b079d0c38546b,Bulls vs. Pistons,Bulls,BUY,4.545453,0.560000070400024,5.0,2.80000035200012,0.00% of trader portfolio; deployment 100.0% (floored to $1 min); raised to market min 5.0000 shares,live,0x42995188f208d541a47a53b1bea7b68c82231f3f4a96485dac3e958137ed1b5e,raised to market min 5.0000 shares,3,8.45,0,0,0
2025-11-13T00:19:49.027920+00:00,executed,piastri,0x2f09642639aedd6ced432519c1a86e7d52034632,0xac87571452772319b1e597d73ed7314c942ffe6fdd829567dc315e7aa5c338a2,Cavaliers vs. Heat,Heat,BUY,2.702701,0.6300001369000863,5.0,3.1500006845004314,0.00% of trader portfolio; deployment 100.0% (floored to $1 min); raised to market min 5.0000 shares,live,0x53d60be289004da7f7643552a025326508fdc2974bf8f7311d84e4f0a89f8ea8,raised to market min 5.0000 shares,4,11.60,0,0,0
2025-11-13T00:27:45.309855+00:00,executed,Hans323,0x0f37cb80dee49d55b5f6d9e595d52591d6371410,0x240a6904262dee817a61cc60146acacdb7fdbd203e16d56c02b716a9f35e403d,Will the highest temperature in New York City be between 51-52°F on November 12?,Yes,BUY,64.46,0.15248215947874652,6.558144266965103,1.0,0.48% of trader portfolio; deployment 100.0% (floored to $1 min),live,0x9ebec55d7455665aade1a8801fdce241b48a782213e61da8fbd2e19fb042f77a,,1,1.00,0,0,0
2025-11-13T00:52:59.197181+00:00,failed,Hans323,0x0f37cb80dee49d55b5f6d9e595d52591d6371410,0xd59b419b91abaf20f21e4a2ead4ead9c47e1b240e82556362471acab0aba1ad9,Will the highest temperature in New York City be between 49-50°F on November 12?,No,SELL,134.6,0.15708766716196138,6.365872115020809,1.0,"PolyApiException[status_code=400, error_message={'error': 'not enough balance / allowance'}]",,,"PolyApiException[status_code=400, error_message={'error': 'not enough balance / allowance'}]",1,1.00,0,1,0
2025-11-13T00:54:45.467357+00:00,executed,Hans323,0x0f37cb80dee49d55b5f6d9e595d52591d6371410,0x240a6904262dee817a61cc60146acacdb7fdbd203e16d56c02b716a9f35e403d,Will the highest temperature in New York City be between 51-52°F on November 12?,Yes,SELL,10.0,0.03,33.333333333333336,1.0,0.01% of trader portfolio; deployment 100.0% (floored to $1 min),live,0x8f446c2ddad5938e77cc3df3491377502bfd54ca2b255a16374dba0e957003d9,,2,2.00,0,1,0
2025-11-13T01:03:09.393282+00:00,failed,piastri,0x2f09642639aedd6ced432519c1a86e7d52034632,0x06f4b1cd367aa0abbb6c56d9f9270e5e8806a6f35deec96ace73ff812870d864,Warriors vs. Spurs,Spurs,SELL,5.0,0.6,1.6666666666666667,1.0,"PolyApiException[status_code=400, error_message={'error': 'not enough balance / allowance'}]",,,"PolyApiException[status_code=400, error_message={'error': 'not enough balance / allowance'}]",4,11.60,0,1,0
2025-11-13T01:15:28.915527+00:00,failed,piastri,0x2f09642639aedd6ced432519c1a86e7d52034632,0x73749da5fc9d03c33bf85a780aadacbcd1b444382ddbbf61987e6a9f431b18c2,Kings vs. Maple Leafs,Maple Leafs,SELL,3.1875,0.48,2.0833333333333335,1.0,"PolyApiException[status_code=400, error_message={'error': 'not enough balance / allowance'}]",,,"PolyApiException[status_code=400, error_message={'error': 'not enough balance / allowance'}]",4,11.60,0,2,0
2025-11-13T01:16:25.645952+00:00,failed,piastri,0x2f09642639aedd6ced432519c1a86e7d52034632,0x73749da5fc9d03c33bf85a780aadacbcd1b444382ddbbf61987e6a9f431b18c2,Kings vs. Maple Leafs,Maple Leafs,SELL,52.0,0.48,2.0833333333333335,1.0,"PolyApiException[status_code=400, error_message={'error': 'not enough balance / allowance'}]",,,"PolyApiException[status_code=400, error_message={'error': 'not enough balance / allowance'}]",4,11.60,0,3,0
2025-11-13T01:22:19.228540+00:00,executed,piastri,0x2f09642639aedd6ced432519c1a86e7d52034632,0xf34cc15f5915da3e0479b78cfc7a15d3f1e8ada21087f75540ba1182f8c492fb,Lakers vs. Thunder,Thunder,BUY,1100.0,0.73,5.0,3.65,0.45% of trader portfolio; deployment 100.0% (floored to $1 min); raised to market min 5.0000 shares,live,0x96abc663bf0f28a162ab4899e04296f2fd39504ffcacc1be1d6ceb9274153959,raised to market min 5.0000 shares,5,15.25,0,3,0
2025-11-13T01:25:17.338318+00:00,executed,piastri,0x2f09642639aedd6ced432519c1a86e7d52034632,0xf34cc15f5915da3e0479b78cfc7a15d3f1e8ada21087f75540ba1182f8c492fb,Lakers vs. Thunder,Thunder,BUY,493.0,0.73,5.0,3.65,0.20% of trader portfolio; deployment 100.0% (floored to $1 min); raised to market min 5.0000 shares,live,0x3a3d72d7f4bbc7a5b769fecb3e47cdad516900586f8cbefa7cdd2edbfa10a6bc,raised to market min 5.0000 shares,6,18.90,0,3,0
2025-11-13T03:09:50.947717+00:00,executed,kch123,0x6a72f61820b26b1fe4d956e17b6dc2a1ea3033ee,0xe74e375777cf447ef6accad0fda0130d781abbaa1a4210f0b3a6dbcfb44afb8a,Devils vs. Blackhawks,Blackhawks,BUY,49.361427,0.44000000243104803,5.0,2.20000001215524,0.01% of trader portfolio; deployment 100.0% (floored to $1 min); raised to market min 5.0000 shares,live,0x74de5dbc29fdf64673c710e02c963b8554177af4c1b93a015514959e618968bf,raised to market min 5.0000 shares,1,2.20,0,0,0
2025-11-13T03:33:51.268569+00:00,executed,kch123,0x6a72f61820b26b1fe4d956e17b6dc2a1ea3033ee,0xe74e375777cf447ef6accad0fda0130d781abbaa1a4210f0b3a6dbcfb44afb8a,Devils vs. Blackhawks,Devils,BUY,1825.75,0.38,5.0,1.9,0.41% of trader portfolio; deployment 100.0% (floored to $1 min); raised to market min 5.0000 shares,live,0x6d42d80fd4174302890416bd5149faf9c337729acdf571901c386f3314e07390,raised to market min 5.0000 shares,2,4.10,0,0,0
